ods_code,name,alt_names,type,region,ics,correspondent,url,access_notes,needs_playwright,pack_pattern_hints,exclude_patterns,last_validated,validation_status,validation_notes
RA2,Royal Surrey County Hospital NHS Foundation Trust,Royal Surrey County Hospital,Acute and Acute & Community Trusts,South East,Surrey Heartlands,Alison,https://www.royalsurrey.nhs.uk/board-papers/,,,,,,,
RDR,Sussex Community NHS Foundation Trust,Sussex Community;SCFT,Community Trusts,South East,Sussex,Alison,https://www.sussexcommunity.nhs.uk/about-us/how-we-are-run/board-of-directors/board-meetings-and-papers,"Current URL is live and correct but the whole sussexcommunity.nhs.uk domain sits behind a WAF (reCAPTCHA-protected) that returns HTTP 403 / 'Socket is closed' to WebFetch — Playwright IS required. Structure: the 'Board meetings and papers' landing links to a 'Board Papers' sub-page (/board-meetings-and-papers/board-papers) which lists one sub-page per meeting (/board-papers/board-paper-{dd-month-yyyy}); each meeting sub-page contains a single combined PDF served via a numbered document route /documents/{id}-{dd-month-yyyy}-board-paper (no .pdf extension). Crawl with Playwright: open board-papers index, follow each board-paper-{date} link, grab the /documents/ link. Papers retained for ~12 months only.",True,/board-papers/board-paper-;/documents/;-board-paper,council-of-governors;strategies-plans;quality-account,2026-06-27,papers_found,Confirmed via Playwright: '27 November 2025 board paper (15.59 MB)' combined PDF at /documents/434-27-november-2025-board-paper; next meeting 28 May 2026.
RN7,Dartford and Gravesham NHS Trust,Dartford and Gravesham;Dartford Gravesham;DARENT,Acute and Acute & Community Trusts,South East,Kent and Medway,Alison,https://www.dgt.nhs.uk/about-us/trust-management/trust-boardmanagement/trust-board-minutesagendas,,,,,,,
RPA,Medway NHS Foundation Trust,Medway;MFT Medway,Acute and Acute & Community Trusts,South East,Kent and Medway,Alison,https://www.medway.nhs.uk/about-us/board-meetings/,,,,,,,
RPC,Queen Victoria Hospital NHS Foundation Trust,Queen Victoria Hospital,Acute Specialist Trusts,South East,Sussex,Alison,https://www.qvh.nhs.uk/about-us/board-of-directors/meetings-in-public/,"The meetings-in-public page is the correct QVH landing page but presents papers/minutes through two JavaScript dropdown selectors ('Meeting papers:' and 'Minutes:') going back to 2014, so plain HTTP fetch shows only labels and no hrefs — hence the earlier weak signal. Render with Playwright to expand the dropdowns, or harvest direct links via Google site:qvh.nhs.uk. Each paper entry resolves through a clean /download/meetings-in-public/{slug}/ permalink that points to a flat bundle PDF under /wp-content/uploads/YYYY/MM/ named Papers-PUBLIC-Board-{date}.pdf (sometimes -V2). Probing the /wp-content/uploads/ date path is the most reliable non-rendering route.",True,/wp-content/uploads/YYYY/MM/Papers-PUBLIC-Board-{date}.pdf;/download/meetings-in-public/{slug}/ permalink redirecting to the PDF;filenames starting 'Papers-PUBLIC-Board',"/about-us/board-of-directors/ (member bios);/for-members/public-meetings/ (members' AGM, not board);'Minutes:' dropdown when seeking full packs",2026-06-27,papers_found,Confirmed a valid 7.8MB 'Papers-PUBLIC-Board-14-May-2026' bundle PDF; a 2025 example resolves via the /download/ permalink to /wp-content/uploads/2025/09/.
RTK,Ashford and St Peter's Hospitals NHS Foundation Trust,Ashford and St Peter's Hospitals;Ashford St Peters;ASPH,Acute and Acute & Community Trusts,South East,Surrey Heartlands,Alison,https://www.ashfordstpeters.nhs.uk/board-meetings,"The /meetings page is an overview; the true archive is /board-meetings which lists every Trust Board meeting back to 2013 as month+year links (e.g. /board-meetings/3617-trust-board-3rd-june-2026). Each meeting page renders a numbered table of Agenda + Paper PDFs. Crucially the PDFs are hosted on the sister domain www.ashfordstpeters.info under /images/board-papers/YYYY-MM-DD/ (note .info not .nhs.uk). Static WebFetch works fine, no WAF; crawl /board-meetings, follow each meeting slug, scrape .info PDF links.",False,ashfordstpeters.info/images/board-papers/{YYYY-MM-DD}/Agenda-{Mon}-{YYYY}.pdf;ashfordstpeters.info/images/board-papers/{YYYY-MM-DD}/Paper{n}-{Title}-{Mon}-{YYYY}.pdf,register-of-interests;board-member-expenses;meet-the-directors;Glossary-of-Terms,2026-06-27,papers_found,"June 2026 meeting page lists ~35 board paper PDFs (agenda, CEO report, finance, quality) all live on ashfordstpeters.info."
RTP,Surrey and Sussex Healthcare NHS Trust,Surrey and Sussex Healthcare;Surrey Sussex Healthcare;SASH,Acute and Acute & Community Trusts,South East,Surrey Heartlands,Alison,https://www.surreyandsussex.nhs.uk/about-us/our-board/board-papers,"Pattern B: the landing page lists year-archive links (/board-papers/2026, /board-papers/2025, etc.) rather than packs directly; a crawler must follow the year link, where each public board meeting (5 Feb, 2 Apr, 4 Jun 2026; 6 Feb, 3 Apr, 5 Jun, 7 Aug, 2 Oct, 4 Dec 2025) is exploded into many individual document PDFs (agenda numbered 00/0.0, plus separate minutes, BAF, committee key-issues, IPR, etc.) served as static HTML via /download_file/view/{ID}/{suffix} links. There is no single combined pack PDF; the agenda PDF is the entry point and the date is in the link text not the URL. Occasional extraordinary meetings appear (e.g. 20 Feb 2025). All static, no JS.",False,/board-papers/{year};/download_file/view/{id}/{suffix};agenda link text begins 00 or 0.0 with the meeting date;Public Board,committee;key issues;minutes;extraordinary;register of interests;patient story,2026-06-04,papers_found,2026 and 2025 year-archive pages each list multiple dated public board meetings with agenda and paper PDFs as static download_file links.
RVV,East Kent Hospitals University NHS Foundation Trust,East Kent Hospitals University;EKHUFT,Acute and Acute & Community Trusts,South East,Kent and Medway,Alison,https://www.ekhuft.nhs.uk/about-us/board-of-directors/,"Current URL is correct and live (static WebFetch works, no WAF). The Board of Directors page embeds the full meeting-pack archive organised by month back to June 2024, plus a 'Reading the Signals' oversight group archive. PDFs are served from a relative /s3/assets/files/board_of_directors_docs/bod-meeting-packs/{month}{year}/ path on-domain. Crawl the board-of-directors page and scrape /s3/assets/.../bod-meeting-packs/ links; note some recent meetings split the pack into multiple PDFs and a few items are .docx/.pptx rather than PDF.",False,/s3/assets/files/board_of_directors_docs/bod-meeting-packs/{month}{year}/board-of-directors-open-meeting-pack-(DD.MM.YY).pdf;bod-meeting-pack;open-meeting-pack,registers_of_interests;reading-the-signals;council-of-governors;annual-reports;/policies;/foi,2026-06-27,papers_found,Live packs present for June 2026 (open-meeting-pack 04.06.26) and April/February 2026 plus full back-catalogue to 2024.
RWF,Maidstone and Tunbridge Wells NHS Trust,Maidstone and Tunbridge Wells;Maidstone Tunbridge Wells;MTW,Acute and Acute & Community Trusts,South East,Kent and Medway,Alison,https://www.mtw.nhs.uk/board-meetings-and-papers,"Pattern A + F (wrong-url-fixed). The old DB URL https://www.mtw.nhs.uk/about-us/trust-board/board-meetings-and-papers/ now returns a hard 404 (confirmed in a real browser) because the site migrated to a new VerseOne CMS with a flat URL scheme; the board now lives at /board and the papers at /board-meetings-and-papers (no trailing slash, not under /about-us/). The new landing page lists monthly 'Board papers MONTH YYYY' combined packs as direct .pdf downloads right on the page (Pattern A), e.g. April 2026, January 2026, and the full 2024-2025 run, plus extraordinary meetings. PDFs are served via /download/board-papers-month-yyyypdf.pdf?ver=...&doc=... Crawler should take the topmost dated 'Board papers {month} {year}' link as the latest pack. Note duplicate listings (two copies of some 2024 months) appear in the page DOM.",False,Board papers MONTH YYYY [pdf];Board papers extraordinary meeting,Minutes only;AGM;Part 2;Boardbook (old path),2026-06-04,papers_found,New /board-meetings-and-papers page lists monthly combined Board papers PDFs incl April 2026 and January 2026 plus full 2024-25 history; old /about-us/trust-board/ path is dead (404).
RX2,Sussex Partnership NHS Foundation Trust,Sussex Partnership,"Mental Health & Learning Disability and Mental Health, Learning Disability & Community Trusts",South East,Sussex,Alison,https://www.sussexpartnership.nhs.uk/about-us/how-our-trust-run/board-meetings,,,,,,,
RXC,East Sussex Healthcare NHS Trust,East Sussex Healthcare;ESHT,Acute and Acute & Community Trusts,South East,Sussex,Alison,https://www.esht.nhs.uk/about-us/trust-board/meetings-in-public/,"Current URL is live and correct; the reported 'broken' status was a transient/WAF block. WebFetch loaded fine. Page is titled 'Meetings in public' under Trust board, lists 2026 public meeting dates and a '2026 agenda papers' section with PDFs hosted at /wp-content/uploads/YYYY/MM/. Older papers under the 'Archive agenda papers' link. Standard WordPress site; retry WebFetch on 403, no JS rendering required.",False,/wp-content/uploads/2026/;-Trust-Board-meeting-in-public.pdf;DD-Month-2026 in filename,register-of-interests;financial-transparency;corporate-publications,2026-06-27,papers_found,"Two 2026 agenda-paper PDFs (21 April, 17 February) linked directly plus an archive link."
RXX,Surrey and Borders Partnership NHS Foundation Trust,Surrey and Borders Partnership,"Mental Health & Learning Disability and Mental Health, Learning Disability & Community Trusts",South East,Surrey Heartlands,Alison,https://www.sabp.nhs.uk/aboutus/board-of-directors/board-meetings-papers,"Strategy: dated board-pack PDFs listed directly on the landing page (63 found this run), one per meeting. Static fetch works. Prefer 'Public Board Pack' / 'Board Papers' / 'Agenda and Papers'; filter observer notes, Q&A and addendums. Pattern A.",False,Public Board Pack;Board Papers;Agenda and Papers,Observer notes;Q&A;ICP Board;Minutes only;Addendum;Part B;Confidential,2026-05-29,papers_found,"Validator (static) found dated_pdfs=63, year_archives=0, meeting_subpages=4."
RXY,Kent and Medway NHS and Social Care Partnership Trust,,"Mental Health & Learning Disability and Mental Health, Learning Disability & Community Trusts",South East,Kent and Medway,Alison,https://www.kentmedwaymentalhealth.nhs.uk/about-us/trust-board/board-meetings/,"Pattern C (per-meeting sub-pages). The org has rebranded to Kent and Medway Mental Health NHS Trust and the domain kmpt.nhs.uk now redirects to kentmedwaymentalhealth.nhs.uk. The old DB url (/about-us/trust-board/) is the board landing page with no papers; its one-click child /about-us/trust-board/board-meetings/ lists each Board meeting as a dated sub-page (e.g. 'Board Meeting Thursday 28th May 2026' -> /about-us/trust-board/board-meetings/board-28-may-2026/). Each sub-page has a Downloads section containing a single combined 'Public Board Meeting Pack DD.MM.YYYY' PDF (e.g. /media/l2yjpajs/public-board-meeting-pack-28052026-v1.pdf). Crawler: load this landing, follow the dated board-* sub-page links, then grab the public board meeting pack PDF from the meeting page.",False,Public Board Meeting Pack;Board Meeting [date],Council of Governors;Committee;Minutes only;AGM,2026-06-04,papers_found,board-meetings page lists 2025 and 2026 dated meeting sub-pages; confirmed the 28 May 2026 sub-page links a combined Public Board Meeting Pack PDF.
RYR,University Hospitals Sussex NHS Foundation Trust,University Hospitals Sussex;UH Sussex;UHSussex,Acute and Acute & Community Trusts,South East,Sussex,Alison,https://www.uhsussex.nhs.uk/about/board/board-meetings/,"Pattern C/F (wrong-url-fixed -> per-meeting sub-pages). Old DB url was a single stale meeting page (public-board-papers-10-november-2022) with only one 2022 PDF and no navigation. New url /about/board/board-meetings/ is the live board meetings archive listing each meeting chronologically as a /resources/...board-papers... sub-page (e.g. 'Trust public board papers: 31 March 2026' -> /resources/trust-public-board-papers-31-march-2026/). Each resource sub-page holds the combined public board papers PDF (also directly under /wp-content/uploads/YYYY/MM/...PAPERS.pdf). Skip the separate 'Questions and Answers' resource pages. Crawler: load board-meetings, follow the dated 'Trust (public) board papers' resource links, fetch the combined papers PDF.",False,Trust public board papers;Public Board Agenda;PAPERS,Questions and Answers;Q&A;Western Sussex Hospitals Board Papers 2018-2021;Council of Governors,2026-06-04,papers_found,"board-meetings archive lists 14 May 2026, 31 March 2026 and 5 February 2026 meetings; confirmed direct 2026 papers PDFs under /wp-content/uploads/2026/."
RYY,Kent Community Health NHS Foundation Trust,Kent Community Health,Community Trusts,South East,Kent and Medway,Alison,https://www.kentcht.nhs.uk/about-us/who-we-are/the-board/,,,,,,,
RFS,Chesterfield Royal Hospital NHS Foundation Trust,Chesterfield Royal Hospital;Chesterfield Royal,Acute and Acute & Community Trusts,Midlands,Derby and Derbyshire,Annabelle,https://www.chesterfieldroyal.nhs.uk/about-us/our-board-directors/board-directors-papers-meetings-and-minutes,,,,,,,
RHA,Nottinghamshire Healthcare NHS Foundation Trust,Nottinghamshire Healthcare,"Mental Health & Learning Disability and Mental Health, Learning Disability & Community Trusts",Midlands,Nottingham and Nottinghamshire,Annabelle,https://www.nottinghamshirehealthcare.nhs.uk/board-of-directors-and-meetings,,,,,,,
RK5,Sherwood Forest Hospitals NHS Foundation Trust,Sherwood Forest Hospitals;SFH;King's Mill Hospital,Acute and Acute & Community Trusts,Midlands,Nottingham and Nottinghamshire,Annabelle,https://www.sfh-tr.nhs.uk/about-us/board-of-directors/board-meetings/,Pattern A (dated PDFs on landing) / F (wrong-url-fixed). Old DB url (/about-us/board-of-directors/) is just the board membership page; its one-click child /about-us/board-of-directors/board-meetings/ lists the combined bi-monthly 'Board Meeting Papers - [Month Year]' PDFs directly on the page (hosted under /media/...). No per-meeting sub-pages or year archives - all current-year and prior PDFs are inline. Crawler: load this page and harvest the dated 'Board Meeting Papers - Month Year' PDF links directly.,False,Board Meeting Papers - [Month Year];Board of Directors,Minutes only;Council of Governors;Committee,2026-06-04,papers_found,"page lists direct combined board-meeting-papers PDFs through June 2026 (e.g. 0-board-meeting-papers-v3-june-2026.pdf, april-2026, february-2026)."
RNQ,Kettering General Hospital NHS Foundation Trust,Kettering General Hospital;KGH,Acute and Acute & Community Trusts,Midlands,Northamptonshire,Annabelle,https://www.kgh.nhs.uk/board-of-directors-and-board-meetings,,,,,,,
RNS,Northampton General Hospital NHS Trust,Northampton General Hospital,Acute and Acute & Community Trusts,Midlands,Northamptonshire,Annabelle,https://www.northamptongeneral.nhs.uk/About/Our-Trust-Board/Meeting-and-papers/Meeting-papers.aspx,,,,,,,
RP1,Northamptonshire Healthcare NHS Foundation Trust,Northamptonshire Healthcare,"Mental Health & Learning Disability and Mental Health, Learning Disability & Community Trusts",Midlands,Northamptonshire,Annabelle,https://www.nhft.nhs.uk/board/,,,,,,,
RP7,Lincolnshire Partnership NHS Foundation Trust,Lincolnshire Partnership;LPFT,"Mental Health & Learning Disability and Mental Health, Learning Disability & Community Trusts",Midlands,Lincolnshire,Annabelle,https://www.lpft.nhs.uk/get-involved/meeting-dates-and-minutes/board-directors-meetings,,,,,,,
RT5,Leicestershire Partnership NHS Trust,Leicestershire Partnership;LPT,"Mental Health & Learning Disability and Mental Health, Learning Disability & Community Trusts",Midlands,"Leicester, Leicestershire and Rutland",Annabelle,https://www.leicspart.nhs.uk/about/corporate-responsibilities/trust-board/,"Pattern E (anti-bot) + A. The site forcibly closes automated connections (ConnectionReset to requests and WebFetch), so static health-checks read as 'broken'; the page is live in a browser. The board page moved path from /about-us/trust-board/ to /about/corporate-responsibilities/trust-board/ (sibling /about/corporate-responsibilities/group-board/ holds the group board). Combined paper packs are published as dated PDFs under /wp-content/uploads/YYYY/MM/ named '{DD Month YYYY} Public Trust Board Combined Paper Pack'. Trust meets ~6x/year on MS Teams with livestream. If blocked, fetch the dated combined-pack PDF URL directly or use the publication scheme. URL fixed 2026-06-13.",True,DD Month YYYY Public Trust Board Combined Paper Pack;Group Trust Board Combined Paper Pack;/wp-content/uploads/YYYY/MM/,Declarations of Interest Report (component);Group Board (when only trust board wanted);minutes only,2026-06-13,papers_found,Search-confirmed live combined packs 27 January 2026 and 26 May 2026 under leicspart.nhs.uk/wp-content/uploads/2026/; site blocks automated fetch (anti-bot).
RTG,University Hospitals of Derby and Burton NHS Foundation Trust,University Hospitals of Derby and Burton;UHDB;University Hospitals Derby Burton,Acute and Acute & Community Trusts,Midlands,Derby and Derbyshire,Annabelle,https://www.uhdb.nhs.uk/trust-board-members/,,,,,,,
RWD,United Lincolnshire Hospitals NHS Trust,United Lincolnshire Hospitals;ULHT,Acute and Acute & Community Trusts,Midlands,Lincolnshire,Annabelle,https://www.ulh.nhs.uk/about/board-meetings/,,,,,,,
RWE,University Hospitals of Leicester NHS Trust,University Hospitals of Leicester;University Hospitals Leicester;UHL,Acute and Acute & Community Trusts,Midlands,"Leicester, Leicestershire and Rutland",Annabelle,https://www.uhleicester.nhs.uk/about/board/board-papers-and-meetings/,"Landing page lists the full paper set for the most recent meeting directly (Pattern A): individual dated PDFs for the current 'Boards in Common' meeting (agenda, minutes, action log, committee reports, performance and quality papers) appear inline. UHL runs as a 'Boards in Common' with Leicestershire Partnership, so packs may be jointly branded. For older 2025/2026 meetings follow the 'Agenda and papers from our previous Trust Board meetings are available here' link to the publication-scheme archive. The page also lists upcoming 2026 meeting dates whose packs post in the same inline pattern shortly before each date.",False,Agenda;Public/Trust Board pack;Boards in Common agenda and papers;performance report,minutes only;action log;observer/Q&A notes;publication-scheme generic documents,2026-06-13,papers_found,Inline dated PDFs present for the 11 June 2026 Boards in Common meeting (agenda + committee reports); older packs via the 'previous Trust Board meetings' publication-scheme link.
RX1,Nottingham University Hospitals NHS Trust,Nottingham University Hospitals;NUH,Acute and Acute & Community Trusts,Midlands,Nottingham and Nottinghamshire,Annabelle,https://www.nuh.nhs.uk/board-papers,"The registered URL /board-and-board-papers/ is only an info page (meeting dates + governance contact) and correctly shows no PDFs. The actual papers live one level down at /board-papers (linked in that page's sidebar). That index lists year folders as query-string links: /board-papers?media_folder=1422&root_folder=2025/26 and /board-papers?media_folder=1466&root_folder=2026/27. A crawler must follow the media_folder query params to reach per-meeting PDFs (folder contents load dynamically, so render or fetch the folder URLs). Coverage current to 2026/27. Prefer the full board pack/'supporting documents' bundle per meeting; filter out minutes-only and agenda-only files and pre-2025 folders. Point the crawler at root_folder=2026/27 for the latest papers.",True,/board-papers?media_folder=;root_folder=2026/27;root_folder=2025/26,minutes;agenda-only;2024/25;2023/24,2026-06-06,needs_playwright,Papers are present in dynamically-loaded year folders (2025/26 and 2026/27) reached via media_folder query params off /board-papers; individual PDFs require rendering the folder view to enumerate.
RXM,Derbyshire Healthcare NHS Foundation Trust,Derbyshire Healthcare,"Mental Health & Learning Disability and Mental Health, Learning Disability & Community Trusts",Midlands,Derby and Derbyshire,Annabelle,https://www.derbyshirehealthcareft.nhs.uk/about-us/our-board-directors/board-meetings,"Landing page lists meetings chronologically under expandable '2025' and '2026' year headings (Pattern A with inline accordions, no separate year pages). Each meeting shows its date and time followed by a single 'Agenda and papers' link that resolves to a download_file/view PDF (e.g. /download_file/view/6958/222). A crawler should collect every 'Agenda and papers' href under the 2025 and 2026 headings. Ignore the 'View a summary of the meeting' link (narrative recap, not the pack) and any 'Join via webinar' / 'Link to join the meeting online' safelinks.",False,Agenda and papers;download_file/view,View a summary of the meeting;Join via webinar;Link to join the meeting online;meeting summaries,2026-06-13,papers_found,"2026 packs listed for 27 Jan, 24 Mar, 19 May 2026; 2025 sample 'Agenda and papers' = /download_file/view/6958/222 (14 Jan 2025)."
RY5,Lincolnshire Community Health Services NHS Trust,Lincolnshire Community Health Services,Community Trusts,Midlands,Lincolnshire,Annabelle,https://lincolnshirecommunityhealthservices.nhs.uk/about-us/our-trust-board/trust-board-papers,"Strategy: dated board-pack PDFs listed directly on the landing page (57 found this run), one per meeting. Static fetch works. Prefer 'Public Board Pack' / 'Board Papers' / 'Agenda and Papers'; filter observer notes, Q&A and addendums. Pattern A.",False,Public Board Pack;Board Papers;Agenda and Papers,Observer notes;Q&A;ICP Board;Minutes only;Addendum;Part B;Confidential,2026-05-29,papers_found,"Validator (static) found dated_pdfs=57, year_archives=0, meeting_subpages=0."
RY8,Derbyshire Community Health Services NHS Foundation Trust,Derbyshire Community Health Services,Community Trusts,Midlands,Derby and Derbyshire,Annabelle,https://dchs.nhs.uk/about-us/our-board,"Landing page lists papers directly under 'Agendas and Papers 2026:' and 'Agendas and Papers 2025:' headings (Pattern A). Each entry is a month link, sometimes annotated with content type in parentheses, e.g. 'January 2026 (Performance Report)', resolving to a download_file/view PDF (URLs like /download_file/view/[ID]/243). A crawler should collect every month link beneath each 'Agendas and Papers [year]' heading. Some links are component documents (e.g. a standalone Performance Report) rather than the full pack, so prefer the bare 'Month Year' agenda link where both exist.",False,Agendas and Papers;Month Year agenda link;download_file/view,(Performance Report) standalone component when full pack also listed;minutes only,2026-06-13,papers_found,"Dated month links present under both 2025 and 2026 headings, e.g. 'January 2026 (Performance Report)' and 'August 2025', each a download_file/view PDF."
R1A,Herefordshire and Worcestershire Health and Care NHS Trust,Herefordshire and Worcestershire Health and Care,"Mental Health & Learning Disability and Mental Health, Learning Disability & Community Trusts",Midlands,Herefordshire and Worcestershire,Caitlin,https://www.hacw.nhs.uk/board-papers/,"Pattern A with a major quirk: dated meetings are listed directly on the landing page (Jan/Mar/May 2026; Jan/Mar/May/Jul/Sep/Nov 2025) but the papers are distributed as ZIP archives, not PDFs, via relative /download/...zip?ver=&doc= links that resolve against https://www.hacw.nhs.uk. Each row also has a per-meeting summary sub-page (e.g. /board-may-26) and YouTube recording links. A crawler should grab the ZIP (filenames embed the meeting month, e.g. trust-board-papers-may-2026.zip) and unpack it to reach the individual board-pack documents; there is no plain combined PDF on the site. Static HTML, no JS needed. Future dated meetings (Jul/Sep/Nov 2026) are listed without papers yet.",False,/download/trust-board-papers-{month}-{year}.zip;/download/...zip?ver={n}&doc=docm...zip;summary sub-page /board-{mon}-{yy},youtu.be;youtube.com;/board-;summary,2026-06-04,papers_found,Landing page lists 2025 and 2026 board meetings each with a downloadable ZIP papers archive (e.g. trust-board-papers-may-2026.zip).
R1D,Shropshire Community Health NHS Trust,Shropshire Community Health,Community Trusts,Midlands,"Shropshire, Telford and Wrekin",Caitlin,https://www.shropscommunityhealth.nhs.uk/board-meetings-and-papers,"Static fetch returns empty (JS-rendered). Browser crawler loads the page, waits for network idle, then uses a year/month dropdown (2015-2026) to pick the latest meeting; selecting a date reveals dated links incl. 'Board Meetings in Common - {date} - Combined papers' and 'Public Information Pack'. Needs Playwright.",True,Combined papers;Public Information Pack;Board Meetings in Common;Public Agenda,Private Agenda;Confidential;Part 2,2026-06-20,papers_found,JS-rendered meeting list; browser render shows the 14 May 2026 meeting with combined papers/public information pack/public agenda and a dropdown back to 2015.
RBK,Walsall Healthcare NHS Trust,Walsall Healthcare;Manor Hospital Walsall,Acute and Acute & Community Trusts,Midlands,Black Country,Caitlin,https://www.walsallhealthcare.nhs.uk/about-us/how-we-are-run/board-papers/,"Walsall runs a Joint Trust Board with Royal Wolverhampton (RWT); landing page shows collapsible year sections ('2026', '2025') that expand to direct 'Trust Board Papers – [Month Year]' PDF links (Pattern A with accordion). Meeting packs are available at least 3 working days before each meeting. PDFs are hosted on either the Walsall Healthcare or Royal Wolverhampton domains, so accept cross-domain hrefs. A crawler should expand each year heading and collect every 'Trust Board Papers – [Month Year]' link.",False,Trust Board Papers –;Joint Trust Board meeting pack,minutes only;ICP not ICB;standalone risk-register documents,2026-06-13,papers_found,"2026 packs: 'Trust Board Papers – May 2026', 'March 2026', 'January 2026'; 2025 includes 'Trust Board Papers – November 2025' and 'September 2025'."
RJC,South Warwickshire University NHS Foundation Trust,South Warwickshire University;SWFT,Acute and Acute & Community Trusts,Midlands,Coventry and Warwickshire,Caitlin,https://www.swft.nhs.uk/about-us/publications/Board-of-Directors-papers-minutes,"Pattern B+F (wrong-url-fixed): old DB url /meetings-and-events/board-meetings only lists future dates ('No upcoming events') and links onward to the real archive at /about-us/publications/Board-of-Directors-papers-minutes, so point the crawler at the archive. The archive is organised by year tabs/sections (2026, 2025, 2024...). Within each year are per-meeting download links served via /download_file/{guid}/{n} (no readable extension) titled e.g. 'Public SWFT and GEH Boards Combined Meeting Pack - 07.10.2025' — take the single largest combined meeting-pack PDF per date. Quirk: South Warwickshire (SWFT) now meets as a JOINT board in common with George Eliot Hospital (GEH); the only public pack is the combined SWFT/GEH pack, so do not filter it out as a Joint board. Download URLs lack a .pdf suffix.",False,Combined Meeting Pack;Public SWFT and GEH Boards;Board of Directors papers;Meeting Pack,Minutes only;Council of Governors;Charitable Funds;AGM;future meeting dates,2026-06-04,papers_found,Archive page lists a dated 2025 combined board pack (07.10.2025) plus year sections; 2026/27 joint board dates listed with packs to follow.
RJE,University Hospitals of North Midlands NHS Trust,University Hospitals of North Midlands;UHNM;University Hospitals North Midlands,Acute and Acute & Community Trusts,Midlands,Staffordshire and Stoke-on-Trent,Caitlin,https://www.uhnm.nhs.uk/about-us/our-board/trust-board-papers/,"Pattern A+F (wrong-url-fixed): old DB url /about-us/our-board/ is the board-membership page (no papers) and links to the dedicated /about-us/our-board/trust-board-papers/ page, which is the correct landing. That page lists individual dated public/Part 1 board-pack PDFs served from /media/{slug}/...pdf, one per meeting (e.g. 'Part 1 Trust Board 11 02 26', 'Public Trust Board 8th October 2025'). Take the Part 1 / Public / Open pack for each date. Quirk: naming is inconsistent (mix of 'Part 1', 'Open', 'Public', date formats dd-mm-yy and 'July 2025'); ignore Part 2 / confidential. Static WebFetch reaches the PDFs directly.",False,Trust Board Part 1;Public Trust Board;Trust Board Open;Public Board,Part 2;Confidential;Rules of Procedure;Minutes only;future dates without papers,2026-06-04,papers_found,Trust-board-papers page lists multiple dated 2025 and 2026 board-pack PDFs (Jan 2025 through Apr 2026) directly downloadable.
RKB,University Hospitals Coventry and Warwickshire NHS Trust,University Hospitals Coventry and Warwickshire;UHCW;University Hospitals Coventry Warwickshire,Acute and Acute & Community Trusts,Midlands,Coventry and Warwickshire,Caitlin,https://www.uhcw.nhs.uk/our-organisation/trust-board-meetings/,"Landing page is protected by an aggressive WAF/bot filter — direct WebFetch returns HTTP 403 and a headless browser gets ERR_CONNECTION_RESET, so a crawler must present a real browser User-Agent and full TLS/cookie handshake (navigate like a human) to reach the HTML. The page is a static server-rendered list of Board of Directors meetings; each meeting links directly to a combined public board pack PDF hosted under /download/clientfiles/files/. There is no year-tab JavaScript — past meetings are listed inline on the same page. Prefer the single 'Combined papers' / 'Public Trust Board' PDF per meeting date rather than individual item attachments.",True,/download/clientfiles/files/;Combined papers;Public Trust Board;DD-MM-YY;_compressed.pdf,agenda-only;questions;private;confidential;council-of-governors;quality-account,2026-06-27,papers_found,Search-confirmed live 2026 pack (Combined papers Public Trust Board 02-04-26) under /download/clientfiles/files/; landing URL is the current canonical board-meetings page.
RL1,The Robert Jones and Agnes Hunt Orthopaedic Hospital NHS Foundation Trust,Robert Jones and Agnes Hunt Orthopaedic Hospital;Robert Jones Agnes Hunt;RJAH;Oswestry,Acute Specialist Trusts,Midlands,"Shropshire, Telford and Wrekin",Caitlin,https://www.rjah.nhs.uk/about-us/publications/trust-board-meeting-papers/,"Pattern B+F (wrong-url-fixed): old DB url /about-us/board-of-directors/board-of-directors-meeting-dates lists only future meeting dates with NO paper links. The correct archive is /about-us/publications/trust-board-meeting-papers/, a click-through index of academic-year sub-pages: /.../2025-2026-trust-board-meeting-papers/ and /.../2026-2027-trust-board-meeting-papers/. Each year sub-page lists per-meeting combined board packs as PDFs served from /media/{slug}/...pdf, named 'Board of Directors {dd.mm.yyyy}.pdf' or 'Board of Directors Public Meeting {date}.pdf' (single combined pack ~8-18MB; some dates split Part 1/Part 2 e.g. 02.07.2025 — grab both). Crawler must go landing -> year sub-page -> PDF (two clicks). Static WebFetch works.",False,Board of Directors Public Meeting;Board of Directors;Public Meeting;combined board pack,Council of Governors;Meeting Dates;Part 2;Annual Report;Minutes only,2026-06-04,papers_found,2025-2026 year sub-page lists seven dated combined board packs (07.05.2025 through 04.03.2026); 2026-2027 sub-page already created.
RL4,The Royal Wolverhampton NHS Trust,Royal Wolverhampton;RWT;New Cross Hospital,Acute and Acute & Community Trusts,Midlands,Black Country,Caitlin,https://www.royalwolverhampton.nhs.uk/about-us/our-board/,,,,,,,
RLQ,Wye Valley NHS Trust,Wye Valley;Hereford Hospital,Acute and Acute & Community Trusts,Midlands,Herefordshire and Worcestershire,Caitlin,https://www.wyevalley.nhs.uk/about-us/the-trust-board.aspx,,,,,,,
RLT,George Eliot Hospital NHS Trust,George Eliot Hospital;GEH,Acute and Acute & Community Trusts,Midlands,Coventry and Warwickshire,Caitlin,https://www.geh.nhs.uk/about-us/trust-board/public-board-papers,"Strategy: landing lists per-meeting entries (31 dated meeting links this run); each links to its own sub-page of PDFs (agenda, papers, finance). Filter to the main Board (skip ICP/committee/joint). Prefer the largest 'Agenda and Papers' combined PDF. Static fetch works. Pattern C.",False,Agenda and Papers;Combined Pack;Public Board Pack,Observer notes;Q&A;ICP Board;Minutes only;Addendum;Part B;Confidential,2026-05-29,papers_found,"Validator (static) found dated_pdfs=26, year_archives=0, meeting_subpages=31."
RLY,North Staffordshire Combined Healthcare NHS Trust,North Staffordshire Combined Healthcare,"Mental Health & Learning Disability and Mental Health, Learning Disability & Community Trusts",Midlands,Staffordshire and Stoke-on-Trent,Caitlin,https://www.combined.nhs.uk/about-us/our-board/previous-board-meetings/,"The trust restructured its 'Our Board' section under /about-us/ (the old /about/our-board/board-meetings/ path still resolves but the maintained pages are now under /about-us/our-board/). The 'Upcoming Board Meetings' page holds only the next meeting's papers, while the dated archive of completed packs lives on the 'Previous Board Meetings' page (archive from Jan 2014 onward) — use that as the landing for historical packs. Pages are static WordPress and crawl cleanly; each meeting links a single combined public pack PDF under /wp-content/uploads/YYYY/MM/. Prefer the file named PUBLIC-TRUST-BOARD-PAPERS-DD.MM.YY.pdf over agenda-only or CEO-report attachments.",False,/wp-content/uploads/;PUBLIC-TRUST-BOARD-PAPERS;DD.MM.YY;.pdf,agenda;ceo-report;annual-general-meeting;private;confidential,2026-06-27,papers_found,Confirmed live 2026 pack at /wp-content/uploads/2026/01/PUBLIC-TRUST-BOARD-PAPERS-15.01.26.pdf; both upcoming and previous board-meetings pages resolve on-domain.
RNA,The Dudley Group NHS Foundation Trust,Dudley Group;Russells Hall Hospital,Acute and Acute & Community Trusts,Midlands,Black Country,Caitlin,https://www.dgft.nhs.uk/about-our-trust/our-board/board-meetings/,"The registered URL /about-our-trust/our-board/ is the board-membership page and only links onward; the real papers landing is the /board-meetings/ sub-page. That page statically lists dated meetings with WordPress-hosted PDFs at /wp-content/uploads/YYYY/MM/<YY-MM-DD>_..._papers/agenda.pdf. Confirmed current entries: 20 May 2026, 12 Mar 2026, 15 Jan 2026, 13 Nov 2025. Page is static-fetchable (no render needed). Filenames distinguish 'Public-Board-Agenda' (short) from the full '_Board_pblc_papersV2' pack, PREFER the full papers/pack file, not the agenda-only PDF. Full packs are large (~22MB). Filter out agenda-only, minutes, and pre-2025 files.",False,/wp-content/uploads/;_Board_pblc_papers;_papers;Public-Board,Public-Board-Agenda;minutes;/2024/;/2023/,2026-06-06,papers_found,Static page lists dated 2025/2026 board PDFs; confirmed HTTP-200 full public board pack for 20 May 2026 (~22MB).
RQ3,Birmingham Women's and Children's NHS Foundation Trust,Birmingham Women's and Children's;Birmingham Children's Hospital NHS Foundation Trust;Birmingham Children's Hospital;BCH,Acute and Acute & Community Trusts,Midlands,Birmingham and Solihull,Caitlin,https://www.bwc.nhs.uk/board-meetings-and-minutes,"Pattern A/F. Old URL https://www.bwc.nhs.uk/board-of-directors/ is only the board-member directory (validator saw no papers). Changed to the dedicated papers page https://www.bwc.nhs.uk/board-meetings-and-minutes which lists a single combined 'Board Meeting Pack - <Month YYYY>' PDF per meeting (bi-monthly: Jan, Mar, May, Jul, Sep, Nov), served from the trust's own /download/ path with ?ver=&doc= query params. Crawler should take the largest 'Board Meeting Pack' link per month; ignore separate appendix/'Reading Room' files. Static WebFetch reaches the listing and PDFs.",False,Board Meeting Pack;Public Board Meeting Pack;in Public,Reading Room;appendix;Minutes only;Council of Governors,2026-06-04,papers_found,"Confirmed combined public Board Meeting Pack PDFs for Jan, Mar and May 2026 (plus full 2025 set) on bwc.nhs.uk /download/ paths."
RRE,Midlands Partnership University NHS Foundation Trust,Midlands Partnership University;MPFT,"Mental Health & Learning Disability and Mental Health, Learning Disability & Community Trusts",Midlands,Staffordshire and Stoke-on-Trent,Caitlin,https://www.mpft.nhs.uk/about-us/board-papers/,"Pattern A: dated board-pack PDFs are linked directly on the landing page, grouped by year, as single combined Trust Board Papers documents (2026: 09 Apr, 12 Feb; 2025: 11 Dec, 09 Oct, 14 Aug, 12 Jun, 27 Mar, 30 Jan). The meeting date is in the link text (YYYY-MM-DD MPFT Trust Board Papers) but URLs are opaque /download_file/{uuid}/256 with no date in them. Some months also have a separate short Trust Board Summary Document alongside the full pack; prefer the larger combined Papers file. Static HTML, no JS required.",False,/download_file/{uuid}/256;link text 'YYYY-MM-DD MPFT Trust Board Papers';combined Trust Board Papers PDF,Summary Document;summary,2026-06-04,papers_found,Landing page directly lists combined Trust Board Papers PDFs for multiple 2025 and 2026 meetings via download_file links.
RRJ,The Royal Orthopaedic Hospital NHS Foundation Trust,Royal Orthopaedic Hospital,Acute Specialist Trusts,Midlands,Birmingham and Solihull,Caitlin,https://roh.nhs.uk/about-us/corporate-information/statutory-documents,,,,,,,
RRK,University Hospitals Birmingham NHS Foundation Trust,University Hospitals Birmingham;UHB,Acute and Acute & Community Trusts,Midlands,Birmingham and Solihull,Caitlin,https://www.uhb.nhs.uk/about/trust-management/bod/papers/,"The current URL is correct and live (title 'Papers from meetings of the Board of Directors'), but it does NOT host PDFs inline — it contains a single 'View papers from meetings of the Board of Directors' link to an external Nextcloud document store at https://docs.uhb.nhs.uk/index.php/s/prTEizKrRnYnjaD. That store is a JS-rendered Nextcloud public share: WebFetch sees 'No files in here' (file list loads via XHR) yet exposes an 831.6 MB 'Download all' link, proving the folder is populated. The docs.uhb.nhs.uk host aborts headless browsers on some attempts, so harvesting individual dated PDFs requires Playwright (or the Nextcloud WebDAV/dav API) against the share token. Landing page itself needs no special handling.",True,docs.uhb.nhs.uk/index.php/s/prTEizKrRnYnjaD (Nextcloud public share token);Nextcloud share download-all: append /download to the share URL;individual files under /index.php/s/{token}/download?path=&files={filename},'No files in here' empty-state text from non-JS fetch;privacy-policy and main-site nav links,2026-06-27,needs_playwright,"Papers exist (831.6 MB download-all on the Nextcloud share) but the dated PDF list is JS-rendered and the docs host blocks headless WebFetch, so a real browser is needed to enumerate packs."
RWP,Worcestershire Acute Hospitals NHS Trust,Worcestershire Acute Hospitals;WAHT,Acute and Acute & Community Trusts,Midlands,Herefordshire and Worcestershire,Caitlin,https://www.worcsacute.nhs.uk/about-us/trust-board/,"Strategy: landing lists year archives (5 year links this run, e.g. 'Board papers 2025'). Follow each year link to dated PDF listings; main packs typically 5-30MB. Static fetch works. Pattern B.",False,Board Papers;Public Board Pack,Observer notes;Q&A;ICP Board;Minutes only;Addendum;Part B;Confidential,2026-05-29,papers_found,"Validator (static) found dated_pdfs=0, year_archives=5, meeting_subpages=1."
RXK,Sandwell and West Birmingham Hospitals NHS Trust,Sandwell and West Birmingham Hospitals,Acute and Acute & Community Trusts,Midlands,Black Country,Caitlin,https://www.swbh.nhs.uk/our-trust/trust-board/public-trust-board-papers/,"Landing /our-trust/trust-board/public-trust-board-papers/ lists per-year sub-pages (2021-2026), e.g. /public-trust-board-papers-2026/. Each year page lists meetings by month linking to per-meeting sub-pages under /trust-board-paper/{slug}/, and those hold the actual PDFs in /wp-content/uploads/{yyyy}/{mm}/. The trust meets bi-monthly. Static fetch works at every level. Two PDF styles: some meetings publish one combined board book (e.g. May 2026 = 26-05-20_BoardAGENDA_pblc_papers.pdf, ~25MB, prefer this single pack), others publish split numbered papers (000-Agenda, 001-Minutes...). To reach current papers: landing -> 2026 year page -> latest month meeting page -> download the combined boardbook PDF (or all numbered PDFs). Filter out board-meeting-dates, board-members, sub-committees pages.",False,/public-trust-board-papers-{year}/;/trust-board-paper/{month-slug}/;wp-content/uploads/{yyyy}/{mm}/...BoardAGENDA_pblc_papers.pdf;wp-content/uploads/{yyyy}/{mm}/000-Agenda...pdf,board-meeting-dates;board-members-and-exec-team;board-sub-comittees;/our-strategy/,2026-06-06,papers_found,"2026 year page resolves to per-meeting pages with live 2026 board-pack PDFs (May 2026 combined agenda confirmed, HTTP 200 application/pdf)."
RXT,Birmingham and Solihull Mental Health NHS Foundation Trust,Birmingham and Solihull Mental Health,"Mental Health & Learning Disability and Mental Health, Learning Disability & Community Trusts",Midlands,Birmingham and Solihull,Caitlin,https://www.bsmhft.nhs.uk/about-us/corporate-documents/trust-board-papers/,,,,,,,
RXW,The Shrewsbury and Telford Hospital NHS Trust,Shrewsbury and Telford Hospital;Shrewsbury Telford Hospital;SaTH,Acute and Acute & Community Trusts,Midlands,"Shropshire, Telford and Wrekin",Caitlin,https://www.sath.nhs.uk/about-us/board-papers/,"Strategy: dated board-pack PDFs listed directly on the landing page (348 found this run), one per meeting. Static fetch works. Prefer 'Public Board Pack' / 'Board Papers' / 'Agenda and Papers'; filter observer notes, Q&A and addendums. Pattern A.",False,Public Board Pack;Board Papers;Agenda and Papers,Observer notes;Q&A;ICP Board;Minutes only;Addendum;Part B;Confidential,2026-05-29,papers_found,"Validator (static) found dated_pdfs=348, year_archives=2, meeting_subpages=1."
RYG,Coventry and Warwickshire Partnership NHS Trust,Coventry and Warwickshire Partnership,"Mental Health & Learning Disability and Mental Health, Learning Disability & Community Trusts",Midlands,Coventry and Warwickshire,Caitlin,https://www.covwarkpt.nhs.uk/trust-board-dates-and-papers,"Strategy: landing lists per-meeting entries (18 dated meeting links this run); each links to its own sub-page of PDFs (agenda, papers, finance). Filter to the main Board (skip ICP/committee/joint). Prefer the largest 'Agenda and Papers' combined PDF. Static fetch works. Pattern C.",False,Agenda and Papers;Combined Pack;Public Board Pack,Observer notes;Q&A;ICP Board;Minutes only;Addendum;Part B;Confidential,2026-05-29,papers_found,"Validator (static) found dated_pdfs=27, year_archives=0, meeting_subpages=18."
RYW,Birmingham Community Healthcare NHS Foundation Trust,Birmingham Community Healthcare,Community Trusts,Midlands,Birmingham and Solihull,Caitlin,https://www.bhamcommunity.nhs.uk/our-board-papers,"Pattern A (dated PDFs on landing) + F (wrong-url-fixed). Old DB url /our-board/ is only a board overview page that links onward to /our-board-papers; the validator saw no papers because they were one click away. The new url /our-board-papers lists direct combined PDF packs grouped by year, each labelled with month/year, e.g. 'BCHC Public Board Papers Pack 4 June 2026'. Crawler should take the most recent dated 'public board papers pack' PDF under /download/. Static WebFetch reaches it fine.",False,Public Board Papers Pack;Board Meeting Papers;BCHC Public Board,Minutes only;Committee;AGM,2026-06-04,papers_found,Confirmed multiple dated combined board packs including a 42MB 'BCHC Public Board Papers Pack 4 June 2026' and packs through Feb 2025.
TAJ,Black Country Healthcare NHS Foundation Trust,Black Country Healthcare,"Mental Health & Learning Disability and Mental Health, Learning Disability & Community Trusts",Midlands,Black Country,Caitlin,https://www.blackcountryhealthcare.nhs.uk/about-us/our-board-of-directors,"Strategy: dated board-pack PDFs listed directly on the landing page (59 found this run), one per meeting. Static fetch works. Prefer 'Public Board Pack' / 'Board Papers' / 'Agenda and Papers'; filter observer notes, Q&A and addendums. Pattern A.",False,Public Board Pack;Board Papers;Agenda and Papers,Observer notes;Q&A;ICP Board;Minutes only;Addendum;Part B;Confidential,2026-05-29,papers_found,"Validator (static) found dated_pdfs=59, year_archives=0, meeting_subpages=6."
RAX,Kingston Hospital NHS Foundation Trust,Kingston Hospital,Acute and Acute & Community Trusts,London,South West London,Ella,https://www.kingstonandrichmond.nhs.uk/about-us/trust-board/board-meetings,"Correct landing page for Kingston and Richmond NHS FT (formerly Kingston Hospital, RAX). The board-meetings page shows the current/latest Part 1 board pack as a force-download link, and links to a clean 'Board paper archive' at .../board-meetings/board-paper-archive listing prior years' packs in a Month/Year table. Both pages render links to plain HTTP fetch (no JS needed). Packs are served via opaque CMS download_file URLs of the form /download_file/force/{guid}/354 (current) or /download_file/{guid}/355 (archive), not human-readable filenames, so harvest the hrefs from the two pages rather than guessing paths.",False,/download_file/force/{guid}/354 (latest pack on board-meetings);/download_file/{guid}/355 (archive packs);'Board paper archive' subpage table by Month/Year;link text 'KRFT Trust Board Part 1 - {month year}',Ethnicity/Gender Pay Gap Report links;'Former Trusts' report links;/about-us/trust-board (board member bios index);Part 2 / confidential papers,2026-06-27,papers_found,"Page exposes the May 2026 Part 1 pack and a working archive subpage with multiple dated packs, all on the trust's own domain."
RJ1,Guy's and St Thomas' NHS Foundation Trust,Guy's and St Thomas';Guys and St Thomas;GSTT;Guy's and St Thomas's,Acute and Acute & Community Trusts,London,South East London,Ella,https://www.guysandstthomas.nhs.uk/about-us/our-board/agenda-and-papers,,,,,,,
RJ2,Lewisham and Greenwich NHS Trust,Lewisham and Greenwich,Acute and Acute & Community Trusts,London,South East London,Ella,https://www.lewishamandgreenwich.nhs.uk/board-papers/,"Single page listing all board papers chronologically under year headings (Pattern A); no calendar, year folders or sub-pages. Meetings appear as dated links such as 'Trust Board 30 September 2025' and 'Trust Board Meeting, Tuesday 28 April 2026', each resolving directly to a PDF. Beware data-quality noise: some entries are duplicated (two differently-URL'd versions of the same April 2026 meeting) and some links are standalone component documents — e.g. 'Corporate risk register and board assurance framework, Nov 2025' is a .docx, not a board pack. Prefer the 'Trust Board [date]' meeting links and de-duplicate by date.",False,"Trust Board [date];Trust Board Meeting, [day date]",Corporate risk register and board assurance framework (.docx component);duplicate same-date links;minutes only,2026-06-13,papers_found,"2026: 'Trust Board Meeting, Tuesday 28 April 2026'; 2025: 'Trust Board 30 September 2025' and 'Trust Board 24 June 2025'."
RJ6,Croydon Health Services NHS Trust,Croydon Health Services,Acute and Acute & Community Trusts,London,South West London,Ella,https://www.croydonhealthservices.nhs.uk/board-timetable-and-papers,,,,,,,
RJ7,St George's University Hospitals NHS Foundation Trust,St George's University Hospitals;St Georges University Hospitals;St George's,Acute and Acute & Community Trusts,London,South West London,Ella,https://www.stgeorges.nhs.uk/about/our-board/board-meetings/group-board-papers-and-agenda/,"URL is current and correct. Since the GESH group formed (St George's + Epsom & St Helier), the joint 'Group Board' replaces the single-trust board, and this page is the canonical Group Board papers/agenda archive. Static WordPress; agendas published the Friday before each meeting. Each meeting date links a combined public pack PDF under /wp-content/uploads/YYYY/MM/ (filenames inconsistent — sometimes a date string, sometimes export-YYYY-MM-DD, sometimes gesh-Group-Board-public). Prefer the largest 'Group Board public' pack per date; Epsom & St Helier mirror the same packs. A sibling /board-papers/ page holds legacy single-trust St George's packs.",False,/wp-content/uploads/;gesh;Group-Board-public;Month-YYYY;.pdf,council-of-governors;private;confidential;agenda-only;part-2;minutes-only,2026-06-27,papers_found,"Confirmed live 2026 Group Board packs (8 May 2026, 5 March 2026) linked from the group-board-papers-and-agenda page."
RJZ,King's College Hospital NHS Foundation Trust,King's College Hospital;Kings College Hospital;KCH,Acute and Acute & Community Trusts,London,South East London,Ella,https://www.kch.nhs.uk/about/how-we-are-organised/board-of-directors/minutes-and-agendas/,"Pattern A, ideal case: single combined 'BoD Agenda and Papers' board-pack PDFs are linked directly on the landing page, one per public meeting, with the meeting date in both the link text and the WordPress /wp-content/uploads/{YYYY}/{MM}/ URL path and filename (2026: 14 May, 12 Mar, 15 Jan; 2025: 13 Nov, 11 Sep, 17 Jul, 08 May, 13 Mar, 16 Jan). Filenames vary (KCH-PUBLIC-Board-meeting-pack, ...meeting-pack, ...Board-Bundle) and are large (5-19 MB). Static HTML, no JS. Crawl just the PUBLIC Board packs and ignore any committee/private items.",False,/wp-content/uploads/{YYYY}/{MM}/...Board...pack...pdf;PUBLIC Board meeting pack;Board Bundle;BoD Agenda and Papers {date},committee;private;confidential,2026-06-04,papers_found,Landing page directly links combined public Board of Directors agenda+papers PDFs for every 2025 and 2026 meeting with dates in the URL.
RVR,Epsom and St Helier University Hospitals NHS Trust,Epsom and St Helier University Hospitals,Acute and Acute & Community Trusts,London,South West London,Ella,https://www.epsom-sthelier.nhs.uk/board-papers-and-agendas,"Pattern A (dated PDFs on landing) + F (wrong-url-fixed). Old DB url /our-board is just a board overview; the actual papers live at /board-papers-and-agendas. Epsom and St Helier now boards jointly as the 'gesh Group' (with Epsom and St Helier + St George's), so recent packs are titled 'gesh Group Board (public)' with a month/year; this group board is the trust's public board and is the only board pack published here, so it is the correct target. Crawler should take the most recent dated 'gesh Group Board (public)' PDF under /download/. Older years are in year-based archive folders. Static WebFetch reaches it.",False,gesh Group Board (public);Group Board Public;Group Board Agenda (public),Private;Part 2;Minutes only;Committee,2026-06-04,papers_found,Confirmed dated public group board packs from 1 May 2025 through 8 May 2026 as direct PDF downloads.
RP6,Moorfields Eye Hospital NHS Foundation Trust,Moorfields Eye Hospital;Moorfields,Acute Specialist Trusts,London,North Central London,Ella,https://www.moorfields.nhs.uk/about-us/our-organisation/corporate-publications/board-reports,"Pattern B: the landing page is a hub of static text links to per-year archive pages (Board papers 2026, 2025, 2024 ...) at /board-reports/board-papers-<year>. Each year page lists one combined Part I public board meeting pack PDF per meeting, by month, directly linked (no per-meeting sub-pages, no JavaScript needed). To reach the latest 2025-26 packs a crawler must follow 'Board papers 2026' / 'Board papers 2025' from the landing hub then take the dated 'Combined board meeting pack' PDFs. Quirk: pack PDFs live under /mediaLocal/<hash>/ with date-coded filenames (e.g. 260604-tb-part-i-...) so filenames are unstable; the Moorfields Eye Hospital Trust Board is the only board listed (no committees/joint meetings to filter out).",False,Combined board meeting pack;tb-part-i;tb-part-1;meeting-pack;meeting-bundle;agenda-bundle;/mediaLocal/;Part I,Part II;part-ii;confidential;council-of-governors;committee;terms-of-reference,2026-06-04,papers_found,"2026 archive lists combined board packs for Feb/Mar/Jun 2026 and the 2025 archive lists Jan/Mar/Jun/Jul/Oct/Nov 2025, all as directly-linked PDFs."
RPY,The Royal Marsden NHS Foundation Trust,Royal Marsden;RMH,Acute Specialist Trusts,London,North West London,Ella,https://www.royalmarsden.nhs.uk/about-royal-marsden/governance/board-meetings/board-papers,"Pattern A (dated PDFs on landing) + E (anti-bot 403) + F (wrong-url-fixed). Old DB url /board-meetings/ no longer resolves to the listing; the canonical board-papers page is /about-royal-marsden/governance/board-meetings/board-papers (the /how-we-run-ourselves/ path redirects here). Static WebFetch returns HTTP 403 (anti-bot), so a headless browser is required. The page lists one combined PDF per meeting, labelled by month/year ('Public Board papers' / 'Public Board Pack'), hosted on the trust's S3 bucket (rm-live-drupal-files.s3...amazonaws.com). Crawler should take the most recent dated public board pack PDF.",True,Public Board papers;Public Board Pack;Public Board,Council of Governors;COG;Private;Minutes only,2026-06-04,papers_found,Via Playwright confirmed dated public board packs incl. 'Public Board papers - 19 Nov 2025' and 'Public Board Pack 26.03.2025'; 2026 meeting dates (Mar/Jul/Sep/Nov 2026) also scheduled.
RY9,Hounslow and Richmond Community Healthcare NHS Trust,Hounslow and Richmond Community Healthcare,Community Trusts,London,South West London,Ella,https://www.kingstonandrichmond.nhs.uk/about-us/trust-board/board-meetings,"RY9 (Hounslow and Richmond Community Healthcare NHS Trust, HRCH) was acquired by Kingston Hospital NHS FT on 1 November 2024; the merged body is Kingston and Richmond NHS Foundation Trust and there is no longer a separate HRCH board. hrch.nhs.uk now 301-redirects to kingstonandrichmond.nhs.uk, and the KRFT board-meetings page is the correct (and only) live board-papers source for RY9. HRCH appears on the KRFT site only as a 'Former Trusts' label on legacy pay-gap reports. Same crawl strategy and CMS download_file pack pattern as RAX; no JS needed. NOTE: RY9 and RAX now point at the same combined board — dedupe/flag in dataset.",False,/download_file/force/{guid}/354 (latest combined KRFT pack);/download_file/{guid}/355 (archive packs);'Board paper archive' subpage;hrch.nhs.uk -> kingstonandrichmond.nhs.uk 301 redirect,hrch.nhs.uk standalone paths (now redirect away);Ethnicity/Gender Pay Gap 'Former Trusts' reports;Part 2 / confidential papers;separate HRCH board archive (does not exist post-merger),2026-06-27,papers_found,No standalone HRCH board page post-merger (1 Nov 2024); board papers for RY9 are the combined Kingston and Richmond packs verified live on the trust's own domain.
RYX,Central London Community Healthcare NHS Trust,Central London Community Healthcare;CLCH,Community Trusts,London,,Ella,https://clch.nhs.uk/about-us/publications/board-papers-and-committee-tor,"Strategy: papers under /publications/ NOT under /our-board/. Static HTML list of /download_file/ links with dates in adjacent text spans. URL pattern split: older items at /download_file/{id}/0 (no /view), newer at /download_file/view/{id}/785 — BOTH 302-redirect to the PDF. Two streams on the same page: (a) CLCH Trust Board monthly-ish meetings, and (b) Board-in-Common jointly with CNWL + West London NHS Trust (twice yearly). Multiple PDFs per meeting — typically a main agenda+papers pack PLUS an Annexes A-X pack, occasionally a third (eg Fire Safety Statement). Grab all to capture the complete pack. Old DB URL /about-us/our-board/ is a director-bios page; the only PDF it shows is the declarations of interest. Trust secretary contact for missing/older packs: clcht.trust.secretary@nhs.net.",False,agenda and papers; meeting papers; agenda + papers; Board-in-Common agenda,declaration of interests; Questions for the board; annexes only; ToR,2026-05-29,papers_found,"Live archive at /publications/board-papers-and-committee-tor. Confirmed PDFs 28 May 2026, 30 Apr 2026, 26 Mar 2026 (Trust Board) + Board-in-Common 29 Apr 2026 + 22 Oct 2025."
RAE,Bradford Teaching Hospitals NHS Foundation Trust,Bradford Teaching Hospitals,Acute and Acute & Community Trusts,North East and Yorkshire,West Yorkshire,Henry,https://www.bradfordhospitals.nhs.uk/our-trust/bod-meetings/,Static fetch returns empty (JS-rendered). Browser crawler sees upcoming open board dates and per-year archive links (2017-2026). Agenda and papers appear on the page at least three working days before each meeting; follow the per-year archive links for dated packs. Needs Playwright.,True,agenda and papers;open board;combined,confidential;private;Part B,2026-06-20,papers_partial,"JS-rendered schedule; papers post 3 working days before each open board, so the latest pack may not be up between meetings. Follow per-year archive links. Needs Playwright."
RCB,York and Scarborough Teaching Hospitals NHS Foundation Trust,York and Scarborough Teaching Hospitals;York Scarborough Teaching Hospitals;York Hospitals,Acute and Acute & Community Trusts,North East and Yorkshire,Humber and North Yorkshire,Henry,https://www.yorkhospitals.nhs.uk/about-us/board-of-directors/board-of-directors-papers/,"Pattern A + F. The DB domain yorkscarborough.nhs.uk is dead (ECONNREFUSED); the live site is yorkhospitals.nhs.uk. Board of Directors papers are listed directly on this page as dated 'Agenda' links per meeting (newest first), with separate 'late papers' supplementary links where applicable, and an archive of prior financial years below. Static fetch works on the new domain. URL fixed 2026-06-13 (yorkscarborough -> yorkhospitals).",False,DD Month YYYY Agenda;Board of Directors papers,late papers (supplementary);minutes only,2026-06-13,papers_found,Confirmed dated agendas for 25 February 2026 and 25 March 2026 plus 2024/25 archive on the new yorkhospitals.nhs.uk domain.
RCD,Harrogate and District NHS Foundation Trust,Harrogate and District;Harrogate District;HDFT,Acute and Acute & Community Trusts,North East and Yorkshire,Humber and North Yorkshire,Henry,https://www.hdft.nhs.uk/about/board-meeting/,,,,,,,
RCF,Airedale NHS Foundation Trust,Airedale;Airedale Hospital,Acute and Acute & Community Trusts,North East and Yorkshire,West Yorkshire,Henry,https://www.airedale-trust.nhs.uk/about-us/our-board-and-leadership/,"Current URL is live and correct. The 'Our Board and Leadership' page uses a year-tabbed interface (2018-2026) listing each Public Board of Directors meeting; clicking a date reveals a single combined 'papers' PDF hosted in /wp-content/uploads/YYYY/MM/. Crawl the landing page, harvest all .pdf links under wp-content/uploads, and match on date or 'Board-of-Directors'/'Board' in filename. WebFetch works fine here (no WAF). Original failure was transient.",False,wp-content/uploads/YYYY/MM/;Public-Board-of-Directors;Board-of-Directors;Combined;BoD-PUBLIC;Board-Papers,Audit-Risk-Committee;ToR;Terms-of-Reference;Committee,2026-06-27,papers_found,Latest pack '06 May 2026 Public Board of Directors Meeting papers' plus full back-catalogue of combined PDFs visible on the live page.
RCU,Sheffield Children's NHS Foundation Trust,Sheffield Children's;Sheffield Childrens,Acute and Acute & Community Trusts,North East and Yorkshire,South Yorkshire,Henry,https://www.sheffieldchildrens.nhs.uk/about-us/board-of-directors/,"Patterns C+D: the board papers area is rendered by the WP File Download (WPFD) plugin as a JavaScript file tree, so a static fetch returns only the year tab labels (2026, 2025 ...) and committee Terms-of-Reference PDFs, NOT the meeting packs. Each year tab is an anchor a.catlink with data-idcat (2026=2113, 2025=1937) that AJAX-loads a category; the year category contains per-meeting sub-folders named by month (2026: February=2114, April=2131, June=2154; 2025: February=1938, April=1967, June=1999, September=2054, November=2081), and each month sub-folder holds exactly ONE combined PDF titled 'Board of Directors - <Month> <Year>'. A crawler should hit the WPFD AJAX endpoint /wp-admin/admin-ajax.php?juwpfisadmin=false&action=wpfd&task=categories.display&view=categories&id=<yearCatId> to enumerate month sub-categories, then task=files.display&view=files&id=<monthCatId>&rootcat=241 to get each file's ID, then download via the clean URL /download/<catid>/<month>/<fileid>/board-of-directors-<month>-<year>.pdf (verified HTTP 200, application/pdf). Quirk: these are single combined packs (one per meeting, no separate agenda/papers split) and only the Sheffield Children's Board of Directors is published here; ignore the committee ToR/structure PDFs under /download/347/board/ which are not meeting packs.",True,Board of Directors - <Month> <Year>;/download/<catid>/<month>/<fileid>/board-of-directors-;action=wpfd&task=files.display;rootcat=241;catlink data-idcat,/download/347/board/;terms-of-reference;committee-structure;Committees in Common;Council of Governors;nominations-remuneration,2026-06-04,papers_found,"Via the WPFD AJAX endpoint each 2025-26 month sub-folder returns one combined board pack and the June 2026 download URL was verified live (HTTP 200, application/pdf, 4.7MB)."
RFF,Barnsley Hospital NHS Foundation Trust,Barnsley Hospital;BHFT,Acute and Acute & Community Trusts,North East and Yorkshire,South Yorkshire,Henry,https://www.barnsleyhospital.nhs.uk/taxonomy/term/37,"Pattern C (per-meeting news/sub-pages) with combined-pack PDFs. The old landing page /about/.../meetings-and-papers only describes the schedule and points readers to the news section; the actual papers index is the Drupal taxonomy listing /taxonomy/term/37 ('Board Meeting' term), which lists each dated meeting as a news sub-page (e.g. '/news/board-directors-meeting-thursday-2-april-2026', '/news/board-directors-meeting-thursday-5-february-2026', and 2025 meetings back to February 2025). Each sub-page carries the combined public pack PDF stored under /sites/default/files/<YYYY-MM>/combined_pack_board_of_directors_public_meeting_<month_year>.pdf. Crawler should list term/37, open the latest dated meeting sub-page, then take the 'combined_pack...public_meeting' PDF. Quirk: meeting dates appear in news-style slugs, not a year archive.",False,Board of Directors meeting - Thursday <date>;combined_pack_board_of_directors_public_meeting;Board of Directors: Public,Council of Governors;Audit and Assurance Committee;Part 2;private,2026-06-04,papers_found,taxonomy/term/37 lists dated 2025-2026 board meeting sub-pages; search confirmed a Feb 2026 combined public pack PDF under /sites/default/files/2026-02/ on the org's own domain.
RFR,The Rotherham NHS Foundation Trust,Rotherham;TRFT,Acute and Acute & Community Trusts,North East and Yorkshire,South Yorkshire,Henry,https://www.therotherhamft.nhs.uk/about-us/board-meetings,"Strategy: dated board-pack PDFs listed directly on the landing page (29 found this run), one per meeting. Static fetch works. Prefer 'Public Board Pack' / 'Board Papers' / 'Agenda and Papers'; filter observer notes, Q&A and addendums. Pattern A.",False,Public Board Pack;Board Papers;Agenda and Papers,Observer notes;Q&A;ICP Board;Minutes only;Addendum;Part B;Confidential,2026-05-29,papers_found,"Validator (static) found dated_pdfs=29, year_archives=0, meeting_subpages=0."
RGD,Leeds and York Partnership NHS Foundation Trust,Leeds and York Partnership;Leeds York Partnership;LYPFT,"Mental Health & Learning Disability and Mental Health, Learning Disability & Community Trusts",North East and Yorkshire,West Yorkshire,Henry,https://www.leedsandyorkpft.nhs.uk/about-us/board-of-directors/board-of-directors-meetings/,,,,,,,
RHQ,Sheffield Teaching Hospitals NHS Foundation Trust,Sheffield Teaching Hospitals;STH,Acute and Acute & Community Trusts,North East and Yorkshire,South Yorkshire,Henry,https://www.sth.nhs.uk/about-us/board-meetings/,"Landing page is live but WebFetch is WAF-blocked (HTTP 403 / connection reset); use Playwright. The landing page lists meeting dates and links to per-year 'Board Papers' pages at /about-us/{YEAR}-board-papers/. The current-year page is an accordion/tablist: each meeting date is a collapsed tab whose individual enclosure PDFs are only revealed when clicked, so Playwright is required to click each tab and harvest links. PDFs are NOT a single pack — each agenda enclosure is a separate PDF (lettered A, B, C...) served from /download/clientfiles/files/ or the older /clientfiles/File/ path with URL-encoded spaces.",True,/about-us/{YYYY}-board-papers/;/download/clientfiles/files/*.pdf;/clientfiles/File/*.pdf;enclosure letter prefixes e.g. 'X - 20251125 - BOD',/2020-board-papers/;/2021-board-papers/;/2022-board-papers/;/2023-board-papers/;/2024-board-papers/;/2025-board-papers/;official-publications,2026-06-27,papers_partial,Live 2026 board-papers page lists six 2026 meeting dates as accordion tabs; individual enclosure PDFs on clientfiles paths but require tab expansion to enumerate.
RJL,Northern Lincolnshire and Goole NHS Foundation Trust,Northern Lincolnshire and Goole,Acute and Acute & Community Trusts,North East and Yorkshire,Humber and North Yorkshire,Henry,https://www.nlg.nhs.uk/resources/?resources_type=board-papers,"Pattern B (year archives) + Boards-in-Common. Northern Lincolnshire and Goole runs Trust Boards-in-Common with Hull (HUTH) under the NHS Humber Health Partnership; combined packs are published on the NLG site. Landing lists year cards (""Board papers 2026"", ""Board papers 2025"", ...); click a year card (e.g. https://www.nlg.nhs.uk/resources/board-papers-2026/) to reach a table of one combined PDF per bi-monthly meeting under /wp-content/uploads/. The previous DB URL (/resources/board-papers-archive-2021/) still resolves but is a stale year-specific page; this hub auto-surfaces the current year. Prefer the largest combined ""Board papers {Month} {Year}"" PDF; these cover both NLG and Hull.",False,Board papers {Month} {Year};Trust Boards-in-Common Papers;Combined board packs,Council of Governors;AGM;committee papers;2021 archive,2026-06-04,papers_found,Live NLG Boards-in-Common hub lists 2026 year card with Feb/Mar/Apr/May 2026 combined packs; replaced stale 2021 archive URL.
RP5,Doncaster and Bassetlaw Teaching Hospitals NHS Foundation Trust,Doncaster and Bassetlaw Teaching Hospitals;Doncaster Bassetlaw Teaching Hospitals;DBTH,Acute and Acute & Community Trusts,North East and Yorkshire,South Yorkshire,Henry,https://www.dbth.nhs.uk/board/,,,,,,,
RR8,Leeds Teaching Hospitals NHS Trust,Leeds Teaching Hospitals;LTHT,Acute and Acute & Community Trusts,North East and Yorkshire,West Yorkshire,Henry,https://www.leedsth.nhs.uk/about/board/meetings/,"Pattern C/F. Old url /about-us/board-papers/ is a stub with no papers; the live board meetings index is /about/board/meetings/, which lists each dated meeting and, for published meetings, a downloadable combined pack. Quirk: packs are served as a single ZIP of the public board papers, e.g. 'Thursday 28 May 2026' -> /wp-content/uploads/2026/05/LTHT-PUBLIC-Board-280526.zip, and there are also individual document pages at /documents/board-meeting-<date>/ (e.g. /documents/board-meeting-26-march-2026/). A 'View All Board Papers' filter link goes to /about/documents/?department=all&type=board-papers&sort=all. Crawler should take the latest dated meeting's LTHT-PUBLIC-Board ZIP (or open the /documents/board-meeting-<date>/ page) for the combined public pack.",False,LTHT-PUBLIC-Board;Board Meeting - <date>;Agenda - Board Meeting - <Month Year>;PUBLIC Board,Annual General Meeting;private;Part 2;committee,2026-06-04,papers_found,Board meetings index lists a 28 May 2026 public-board ZIP pack and a 26 March 2026 board-meeting document page on the org's own domain.
RV9,Humber Teaching NHS Foundation Trust,Humber Teaching,"Mental Health & Learning Disability and Mental Health, Learning Disability & Community Trusts",North East and Yorkshire,Humber and North Yorkshire,Henry,https://www.humber.nhs.uk/about/trust-board/,"Two-hop year-folder structure (Pattern B). The main /about/trust-board/ page only links to a 'Public Board Papers' sub-page; that sub-page (/about/trust-board/public-board-papers/) then links to per-year folders 'Public Board Papers 2026' and 'Public Board Papers 2025', each of which lists single combined-pack PDFs named 'Public Board Papers - [DD Month YYYY]' under /media/. The Trust meets in public every other month. A crawler should follow Trust Board → Public Board Papers → each year folder, then collect the /media/*.pdf pack links. Use /public-board-dates/ for the forward schedule.",False,Public Board Papers - [date];/media/*.pdf combined pack,Public Board Dates (schedule only);Meet the Board;minutes only,2026-06-13,papers_found,"2026 folder lists 'Public Board Papers - 27 May 2026', '25 March 2026', '28 January 2026'; 2025 folder includes 'Public Board Papers - 28 May 2025'."
RWA,Hull University Teaching Hospitals NHS Trust,Hull University Teaching Hospitals;HUTH,Acute and Acute & Community Trusts,North East and Yorkshire,Humber and North Yorkshire,Henry,https://www.nlg.nhs.uk/resources/?resources_type=board-papers,"Pattern F (wrong-url-fixed) + B (year archives). OLD url https://www.hey.nhs.uk/about-us/board-papers/ 301-redirects off-domain to https://www.hull.nhs.uk/ (homepage) and the legacy /about-us/trust-board-meetings/ path 404s on the new domain. Since 2024 Hull University Teaching Hospitals (HUTH) and Northern Lincolnshire and Goole operate as 'Trust Boards-in-Common' under the NHS Humber Health Partnership group, and the combined board packs are published on the NLG website. NEW landing https://www.nlg.nhs.uk/resources/?resources_type=board-papers lists year cards ('Board papers 2026', 'Board papers 2025', ...); a crawler clicks the year card (e.g. https://www.nlg.nhs.uk/resources/board-papers-2025/) to reach a table of one combined PDF per bi-monthly meeting (Feb/Apr/Jun/Aug/Oct/Dec) under /wp-content/uploads/2025/01/. These packs explicitly cover BOTH NLG and Hull (the only board for Hull now), so the largest combined 'Board-papers-{Month}-{Year}.pdf' is the right pack. Quirk: all year-folder uploads sit in the /2025/01/ path regardless of meeting month; hey.nhs.uk only retains pre-2024 Hull-only archives.",False,Board papers {Month} {Year};Trust Boards-in-Common Papers;Boards-in-Common;Combined board papers,Council of Governors;CoG meeting papers;Annual General Meeting;AGM;committee papers;pre-2024 Hull-only archive,2026-06-04,papers_found,"NLG board-papers year page lists six 2025 Boards-in-Common combined PDFs (Feb-Dec 2025) plus a 'Board papers 2026' archive, explicitly covering Hull University Teaching Hospitals under the group structure."
RWY,Calderdale and Huddersfield NHS Foundation Trust,Calderdale and Huddersfield;Calderdale Huddersfield;CHFT,Acute and Acute & Community Trusts,North East and Yorkshire,West Yorkshire,Henry,https://www.cht.nhs.uk/publications/board-of-directors-meeting-dates-and-papers,"Current URL is correct and live (Calderdale and Huddersfield, cht.nhs.uk, TYPO3 site). Page renders server-side listing meeting dates for 2026 and prior years; each held/upcoming meeting with papers links to a single combined 'Agenda and Papers' PDF under /fileadmin/site_setup/contentUploads/About_us/Publications/BoardPapers/{year}/. Filenames follow 'Combined_-_Public_Board_of_Directors_-_{Weekday}_{D}_{Month}_{YYYY}_WEBSITE.pdf'. Plain WebFetch works; no WAF/JS. Future dates show 'No papers linked' until published.",False,/fileadmin/site_setup/contentUploads/About_us/Publications/BoardPapers/{YYYY}/;Combined_-_Public_Board_of_Directors_-_{Weekday}_{D}_{Month}_{YYYY}_WEBSITE.pdf;'Agenda and Papers' / 'Combined Papers' link text per dated meeting,meetings showing 'No papers linked';prior-year sections (2025 and earlier),2026-06-27,papers_found,"2026 combined public board PDFs (15 Jan, 12 Mar, 14 May) are live large files on cht.nhs.uk."
RXE,Rotherham Doncaster and South Humber NHS Foundation Trust,Rotherham Doncaster and South Humber;Rotherham NHS Foundation Trust;Rotherham;TRFT,"Mental Health & Learning Disability and Mental Health, Learning Disability & Community Trusts",North East and Yorkshire,South Yorkshire,Henry,https://www.rdash.nhs.uk/document-sections/board-of-directors/,Pattern C (per-meeting sub-pages) + F (wrong-url-fixed). OLD url https://www.rdash.nhs.uk/about-us/governance/board-of-directors/board-of-directors-meetings/ is a meetings-overview page that contains NO papers itself; it only schedules dates and points to a separate document repository plus a YouTube playlist (it states packs are emailed on request 5 working days ahead). NEW landing https://www.rdash.nhs.uk/document-sections/board-of-directors/ is the document section that lists per-meeting 'Board of directors packs {Month} {Year}' sub-pages (e.g. May/March/January 2026) and separate 'minutes' entries. A crawler opens the latest 'packs' sub-page (e.g. https://www.rdash.nhs.uk/documents/board-of-directors-packs-may-2026/) to reach the combined agenda pack PDF for that meeting; the section is paginated ('Next: 2 of 4'). Quirk: packs and minutes are separate entries - follow the 'packs' (not 'minutes') link for the full board pack.,False,Board of directors packs {Month} {Year};Agenda packs for the {Month} {Year} board of directors meeting,minutes;Council of Governors;committee;AGM;YouTube playlist,2026-06-04,papers_found,"Document section lists 2026 board pack sub-pages (May/March/January 2026) each linking the meeting's combined agenda pack, plus matching minutes entries."
RXF,Mid Yorkshire Teaching NHS Trust,Mid Yorkshire Teaching;MYTT;Mid Yorkshire Hospitals,Acute and Acute & Community Trusts,North East and Yorkshire,West Yorkshire,Henry,https://www.midyorks.nhs.uk/board-meetings/,,,,,,,
RXG,South West Yorkshire Partnership NHS Foundation Trust,South West Yorkshire Partnership;SWYPFT,"Mental Health & Learning Disability and Mental Health, Learning Disability & Community Trusts",North East and Yorkshire,West Yorkshire,Henry,https://www.southwestyorkshire.nhs.uk/about-us-2/how-were-run/our-trust-board/meeting-papers/,"Current URL is live and correct; reported 'broken' was transient/WAF. WordPress site under About us > How we're run > Our Trust Board > Meetings and papers. Page archives meetings chronologically back to 2008, each with agenda+papers PDF and minutes PDF hosted at /wp-content/uploads/YYYY/MM/. Next meeting 30 June 2026. Retry WebFetch on 403; no JS rendering needed.",False,/wp-content/uploads/2026/;Public-agenda-and-papers-TB-DD.MM.YY;Public-Board-agenda-and-papers-DD.MM.YY,minutes;governance-documents;register,2026-06-27,papers_found,"Recent 2026 public board packs (30 June, 28 April, 31 March) linked as direct PDFs."
RY6,Leeds Community Healthcare NHS Trust,Leeds Community Healthcare,Community Trusts,North East and Yorkshire,West Yorkshire,Henry,https://leedscommunityhealthcare.nhs.uk/about-us/board-of-directors/board-papers-and-meetings/,,,,,,,
TAD,Bradford District Care NHS Foundation Trust,Bradford District Care,"Mental Health & Learning Disability and Mental Health, Learning Disability & Community Trusts",North East and Yorkshire,West Yorkshire,Henry,https://www.bdct.nhs.uk/about-us/board-meetings-and-papers/,"Strategy: dated board-pack PDFs listed directly on the landing page (89 found this run), one per meeting. Static fetch works. Prefer 'Public Board Pack' / 'Board Papers' / 'Agenda and Papers'; filter observer notes, Q&A and addendums. Pattern A.",False,Public Board Pack;Board Papers;Agenda and Papers,Observer notes;Q&A;ICP Board;Minutes only;Addendum;Part B;Confidential,2026-05-29,papers_found,"Validator (static) found dated_pdfs=89, year_archives=0, meeting_subpages=1."
TAH,Sheffield Health and Social Care NHS Foundation Trust,Sheffield Health and Social Care,"Mental Health & Learning Disability and Mental Health, Learning Disability & Community Trusts",North East and Yorkshire,South Yorkshire,Henry,https://www.sheffieldpartnership.nhs.uk/about-us/board-directors/meeting-minutes-and-agendas,"Pattern A/F (wrong-url-fixed): the trust rebranded and the old shsc.nhs.uk domain 301-redirects to sheffieldpartnership.nhs.uk. The old DB url pointed at the directors bio page (/about-us/board-directors) which only lists members and meeting dates plus a link 'Agenda papers for meetings can be found here'. The correct landing page is the child /about-us/board-directors/meeting-minutes-and-agendas, where each meeting is listed newest-first with individual links to an 'Agenda' PDF and 'Unconfirmed minutes' PDF stored under /sites/default/files/YYYY-MM/. There are no combined packs — a crawler follows each per-meeting Agenda/minutes PDF link directly. Quirk: filenames are URL-encoded with spaces (e.g. '00 Agenda Public BoD May 2026 .pdf').",False,Agenda Public BoD;Public BoD;unconfirmed minutes public BoD;Board of Directors,Council of Governors;Gifts Hospitality;Declarations of Interests;register,2026-06-04,papers_found,"Confirmed dated agenda/minutes PDFs for the 28 May 2026 public Board of Directors meeting plus March 2026, January 2026 and November 2025 on the meeting-minutes-and-agendas page on the live sheffieldpartnership.nhs.uk domain."
RCX,The Queen Elizabeth Hospital King's Lynn NHS Foundation Trust,Queen Elizabeth Hospital King's Lynn;Queen Elizabeth Hospital Kings Lynn;QEH Kings Lynn;QEHKL,Acute and Acute & Community Trusts,East of England,Norfolk and Waveney,James,https://www.qehkl.nhs.uk/about-us/meetings-of-the-board-of-directors/,,,,,,,
RDE,East Suffolk and North Essex NHS Foundation Trust,East Suffolk and North Essex;ESNEFT;East Suffolk North Essex,Acute and Acute & Community Trusts,East of England,Suffolk and North East Essex,James,https://www.esneft.nhs.uk/about-us/how-we-work/board-of-directors-meetings/,"Landing page lists financial-year folder links such as '2025 to 2026 Board meetings papers', '2024 to 2025 Board meetings papers' and '2026 to 2027 Board meetings papers'; follow each year link (Pattern B) to reach individual dated meeting sub-pages (e.g. 'May 2026 ESNEFT board meeting papers') which then host the downloadable PDFs (Pattern C nesting). Papers are published a few days before each meeting. No PDFs are exposed directly on the landing page, so a crawler must traverse year folder, then meeting page, then PDF. Target the per-meeting 'agenda and papers' packs.",False,YYYY to YYYY Board meetings papers;Month YYYY ESNEFT board meeting papers;agenda and papers,approved minutes;Chief Executive office contact;draft resolutions only,2026-06-13,papers_partial,Confirmed year-folder structure on landing with current folders '2025 to 2026 Board meetings papers' and a '2026 to 2027' folder containing 'May 2026 ESNEFT board meeting papers'.
RGM,Royal Papworth Hospital NHS Foundation Trust,Royal Papworth Hospital,Acute Specialist Trusts,East of England,Cambridgeshire and Peterborough,James,https://royalpapworth.nhs.uk/our-hospital/how-we-are-run/our-board-directors/board-directors-meetings,,,,,,,
RGN,North West Anglia NHS Foundation Trust,North West Anglia;NWAFT;Peterborough City Hospital,Acute and Acute & Community Trusts,East of England,Cambridgeshire and Peterborough,James,https://www.nwangliaft.nhs.uk/our-board-papers/,"The /trust-board/ page only shows meeting dates plus declarations/gifts PDFs and links onward to 'Our Board Papers' at /our-board-papers/, which is the real archive. That archive is a JS 'media browser' widget with year folders (Board Papers 2022-2026); the year/document list and per-document PDF URLs are injected client-side, so a plain static fetch returns the folder shell with no PDF hrefs, it must be rendered (Playwright/headless) to enumerate the dated agenda/minutes/papers PDFs inside each year folder. Open the 2026 (and 2025) folder, then collect the per-meeting PDFs. Prefer the latest meeting's agenda/papers pack. Filter out 2022-2024 folders and the standing declarations/gifts-and-hospitality PDFs.",True,Board Papers 2026;Board Papers 2025;media browser year folder;/download/,declarations-of-interests;gifts-hospitality-and-sponsorship;Board Papers 2022;Board Papers 2023;Board Papers 2024,2026-06-06,needs_playwright,Archive is a client-rendered media browser exposing 2025 and 2026 board-paper folders but no PDF hrefs in static HTML.
RGP,James Paget University Hospitals NHS Foundation Trust,James Paget University Hospitals;JPUH,Acute and Acute & Community Trusts,East of England,Norfolk and Waveney,James,https://www.jpaget.nhs.uk/about-us/our-board-and-governors/board-and-governors-meetings/,"Pattern A/F (wrong-url-fixed): the old DB url (/about-us/our-board-and-governors/our-board-of-directors/) is just director biographies with no papers, and the previously linked /about-us/board-of-directors/meetings path now 404s (confirmed dead in Playwright too). The correct live archive is /about-us/our-board-and-governors/board-and-governors-meetings/, which lists meetings newest-first with a single large combined 'Part A complete pack' PDF per public meeting stored under /media/<hash>/. A crawler grabs the per-meeting '...part-a-complete-pack.pdf' link. Quirk: the trust is transitioning to a Norfolk and Waveney University Hospitals Group Board (shared with Norfolk and Norwich and QEH King's Lynn) from April 2026, so 2026 packs may appear under the new Group Board section on this same page; prefer the JPUH/Group 'in public' Part A complete pack and skip Council of Governors items.",False,board-of-directors-meeting-in-public-part-a-complete-pack;Part A complete pack;Board of Directors in public;Group Board,Council of Governors;Part B;private;Integrated Board Report;Chief Nurse Report;Declarations of Interest,2026-06-04,papers_found,"Confirmed dated combined public board packs for 26 September 2025 and 25 July 2025 on the board-and-governors-meetings page, with a noted transition to Norfolk and Waveney Group Board meetings from April 2026."
RGR,West Suffolk NHS Foundation Trust,West Suffolk,Acute and Acute & Community Trusts,East of England,Suffolk and North East Essex,James,https://www.wsh.nhs.uk/our-organisation/how-we-are-run/trust-board,,,,,,,
RGT,Cambridge University Hospitals NHS Foundation Trust,Cambridge University Hospitals;CUH;Addenbrooke's,Acute and Acute & Community Trusts,East of England,Cambridgeshire and Peterborough,James,https://www.cuh.nhs.uk/about-us/board-directors/board-of-directors-meetings/,"Landing page is live but WebFetch hits a WAF/anti-bot block (socket closed); use Playwright/headless browser. The landing page itself holds no PDFs — it links to per-year archive sub-pages via a sidebar (2017-2026). Open the current year page /about-us/board-directors/board-of-directors-meetings/{YEAR}-board-of-directors-meetings/ which lists each meeting as an EVENT link (e.g. /events/board-of-directors-meeting-10-june-2026/); the full board pack PDF is inside the event page, served from the media.cuh.nhs.uk/documents/ subdomain. Alternatively Google site:media.cuh.nhs.uk Full_Pack to find packs directly.",True,media.cuh.nhs.uk/documents/Board_of_Directors_-_Full_Pack_{D}_{Month}_{YYYY}.pdf;media.cuh.nhs.uk/documents/*Full_Pack*.pdf;/events/board-of-directors-meeting-{day}-{month}-{year}/,/2017-;/2018-;/2019-;/2020-;/2021-;/2022-;/2023-;statement-of-purpose;council-of-governors,2026-06-27,papers_found,Live 2026 archive sub-page lists four 2026 meetings and June 2026 full pack PDF confirmed on media subdomain.
RM1,Norfolk and Norwich University Hospitals NHS Foundation Trust,Norfolk and Norwich University Hospitals;Norfolk Norwich University Hospitals;NNUH,Acute and Acute & Community Trusts,East of England,Norfolk and Waveney,James,https://www.nnuh.nhs.uk/about-us/trust-board-meetings/,,,,,,,
RMY,Norfolk and Suffolk NHS Foundation Trust,Norfolk and Suffolk,"Mental Health & Learning Disability and Mental Health, Learning Disability & Community Trusts",East of England,Norfolk and Waveney,James,https://www.nsft.nhs.uk/board-papers/,,,,,,,
RT1,Cambridgeshire and Peterborough NHS Foundation Trust,Cambridgeshire and Peterborough,"Mental Health & Learning Disability and Mental Health, Learning Disability & Community Trusts",East of England,Cambridgeshire and Peterborough,James,https://www.cpft.nhs.uk/board-of-directors/,"All board packs are listed directly on the single landing page (Pattern A) under a 'Previous Meetings' section, newest first, as direct PDF links with 'Public Board Meeting Papers DDMMYYYY.pdf' / 'Public Board Meeting Book - DD.MM.YYYY.pdf' naming. A crawler can harvest dated PDFs in one pass; no year folders or per-meeting sub-pages exist. Skip the 'Upcoming Meetings' section which lists future dates with no downloadable papers.",False,Public Board Meeting Papers DDMMYYYY.pdf;Public Board Meeting Book - DD.MM.YYYY.pdf;Public Board Papers,Upcoming Meetings (dates with no PDF);minutes only,2026-06-13,papers_found,Direct PDFs visible e.g. 'Public Board Meeting Book - 03.06.2026.pdf' (June 2026) and 'Public Board Meeting Papers 26112025.pdf' (Nov 2025).
RY3,East of England Community Health and Care NHS Trust,East of England Community Health and Care;Norfolk Community Health and Care NHS Trust;Cambridgeshire Community Services NHS Trust,Community Trusts,East of England,Norfolk and Waveney; Cambridgeshire and Peterborough,James,https://eastofenglandcommunityhealthandcare.nhs.uk/about-us/our-board/board-meetings-and-reports/,"Patterns A+C: a single landing page lists all 2025-26 meetings in date order, each meeting expanding to the individual papers for that meeting as directly-linked PDFs (an agenda numbered 00-...-agenda plus separately numbered item PDFs); there are no year archives or separate sub-pages. The page briefly shows 'Content is loading...' but all PDF links are present in the static HTML, so JavaScript is not strictly required. Quirk: PDFs live under /media/<hash>/ with date-coded, item-numbered filenames (e.g. 00-2026-05-20-trust-board-meeting-in-public-agenda-final.pdf); this is a newly-merged GROUP trust so recent agendas are titled 'Group Trust Board meeting in public' - keep these but skip any committee or partnership/joint papers; there is no single combined bundle, so a crawler should collect all per-item PDFs under each dated meeting, anchored by the 00-...-agenda file.",False,trust-board-meeting-in-public;group-trust-board-meeting-in-public;00-...-agenda;/media/;<yyyy-mm-dd>-trust-board;meeting in public,committee;Part II;confidential;private;in-private;joint;partnership;/media/.*-agm-,2026-06-04,papers_found,"Landing page directly lists dated meetings with agenda and item PDFs for 28 Jan, 18 Mar, 1 Apr and 20 May 2026 plus Sep and Nov 2025."
R0D,University Hospitals Dorset NHS Foundation Trust,University Hospitals Dorset,Acute and Acute & Community Trusts,South West,Dorset,Joe,https://www.uhd.nhs.uk/about-us/our-performance,"Pattern A/F (wrong-url-fixed): the old DB url /about-us/our-performance/board-papers is only a navigation hub that links onward to /about-us/our-performance, the real board-meetings listing. That page shows 2026 meeting dates and, newest-first, a single combined 'Board of Director Part 1 Meeting Pack <date>' PDF per public meeting plus separate Agenda and 'Reading room' PDFs, all stored under /uploads/about/docs/bod/<year>/. A crawler follows the per-meeting 'bod-<mon><yy>.pdf' combined pack link. Quirk: combined pack filenames are short codes (bod-may26.pdf) while agenda/appendix files use longer descriptive names; only Part 1 (public) packs are published.",False,Board of Director Part 1 Meeting Pack;bod-;Part 1 Meeting Pack;Board of Directors,Part 2;private;Reading room;agenda;appendix;Council of Governors,2026-06-04,papers_found,"Confirmed combined 'Board of Director Part 1 Meeting Pack 13 May 2026' PDF and supporting agenda/reading-room files on the our-performance page, with 2026 meeting dates listed through November 2026."
RA7,University Hospitals Bristol and Weston NHS Foundation Trust,University Hospitals Bristol and Weston;UHBW;University Hospitals Bristol Weston,Acute and Acute & Community Trusts,South West,"Bristol, North Somerset and South Gloucestershire",Joe,https://www.uhbw.nhs.uk/p/about-us/trust-board-meetings,"The registered URL /about-us/board-papers/ is wrong and 500s; the real landing is /p/about-us/trust-board-meetings (older archive at /p/historic-meeting-papers-1). At scan time the entire uhbw.nhs.uk site returned an ASP.NET 'Runtime Error' (transient site-wide outage, not a moved page, since /assets/1/ still served PDFs with HTTP 200). UHBW now meets jointly with North Bristol NHS Trust, so packs are titled 'Public Group Board Meeting' or 'meeting in common (UHBW & NBT)'. Board meets in public every other month; papers published ~1 week before. PDFs sit flat in /assets/1/ with free-text filenames (e.g. public_group_board_meeting_13012026_papers.pdf). Needs render: the landing is ASP.NET/JS, so a crawler should retry the landing when the site recovers and scrape /assets/1/ links, or discover PDFs via site-search. Prefer the single combined '...papers' bundle per meeting; filter out Council of Governors packs, separate agendas, and minutes-only files.",True,public_group_board_meeting;board_meeting_in_common_uhbw;agenda_and_papers;_papers.pdf;/assets/1/,council_of_governors;minutes;error.aspx;attending-board-meetings,2026-06-06,papers_found,"Confirmed HTTP-200 dated 2026 PDFs (13 Jan 2026 group board pack, Nov 2025, May 2026), though the landing page itself was down in a site-wide outage at scan time."
RA9,Torbay and South Devon NHS Foundation Trust,Torbay and South Devon,Acute and Acute & Community Trusts,South West,Devon,Joe,https://www.torbayandsouthdevon.nhs.uk/about-us/board-meetings/,,,,,,,
RBD,Dorset County Hospital NHS Foundation Trust,Dorset County Hospital,Acute and Acute & Community Trusts,South West,Dorset,Joe,https://www.dchft.nhs.uk/about-us/trust-board/trust-board-meetings/,"Pattern A. From the landing /about-us/trust-board/ a crawler follows the one-click child 'Trust Board Meetings' link to /about-us/trust-board/trust-board-meetings/, which lists each public meeting by date with a direct link to the full Part 1 paper pack PDF hosted under /wp-content/uploads/YYYY/MM/. Dorset County Hospital now meets as part of a Dorset 'Board in Common', so recent packs are named 'Board-in-Common-Part-1-Paper-Pack' alongside older 'Board-of-Directors-part-1-papers' naming; both are the trust's own board papers. The original landing /about-us/trust-board/ shows no papers itself (validator was right) but the dated PDFs live one click down on the meetings sub-page. Only Part 1 (public) packs are published; Part 2 is confidential.",False,Board-in-Common-Part-1-Paper-Pack;Board-of-Directors-part-1-papers;Part-1-Board-papers;/wp-content/uploads/;part-1,part-2;confidential;Front-sheet;Annual-Safe-Staffing-Report,2026-06-04,papers_found,"Trust Board Meetings sub-page lists dated 2025 and 2026 Part 1 board paper pack PDFs (e.g. Feb, Apr, Jun, Aug, Oct, Dec 2025 and Feb, Apr 2026)."
RD1,Royal United Hospitals Bath NHS Foundation Trust,Royal United Hospitals Bath;RUH Bath;RUH,Acute and Acute & Community Trusts,South West,"Bath and North East Somerset, Swindon and Wiltshire",Joe,https://www.ruh.nhs.uk/about/trustboard/index.asp,,,,,,,
RDY,Dorset Healthcare University NHS Foundation Trust,Dorset Healthcare University,"Mental Health & Learning Disability and Mental Health, Learning Disability & Community Trusts",South West,Dorset,Joe,https://www.dorsethealthcare.nhs.uk/about-us/trust-board,"Strategy: dated board-pack PDFs listed directly on the landing page (14 found this run), one per meeting. Static fetch works. Prefer 'Public Board Pack' / 'Board Papers' / 'Agenda and Papers'; filter observer notes, Q&A and addendums. Pattern A.",False,Public Board Pack;Board Papers;Agenda and Papers,Observer notes;Q&A;ICP Board;Minutes only;Addendum;Part B;Confidential,2026-05-29,papers_found,"Validator (static) found dated_pdfs=14, year_archives=0, meeting_subpages=0."
REF,Royal Cornwall Hospitals NHS Trust,Royal Cornwall Hospitals;RCHT,Acute and Acute & Community Trusts,South West,Cornwall and the Isles of Scilly,Joe,https://royalcornwallhospitals.nhs.uk/organisation/board-meetings/,"Current landing URL is live and correct; it is an index page that links OUT to the separate document subdomain doclibrary-rcht.cornwall.nhs.uk, one .aspx page per financial year (BoardMeetings2627.aspx, BoardMeetings2526.aspx, etc., plus BoardMeetingsIndex.aspx for older). The actual dated PDFs live under doclibrary-rcht.cornwall.nhs.uk/DocumentsLibrary/RoyalCornwallHospitalsTrust/ChiefExecutive/TrustBoard/Minutes/{2526}/{YYYYMM}/. Two-hop crawl: from landing page get the current-year .aspx, then harvest 'AgendaPack' PDFs (each monthly board has one combined Agenda Pack; alternate months carry only an IPR). WebFetch works on the doclibrary subdomain.",False,doclibrary-rcht.cornwall.nhs.uk/DocumentsLibrary/RoyalCornwallHospitalsTrust/ChiefExecutive/TrustBoard/Minutes/;AgendaPack;TrustBoardPublic;AnnualPublicMeeting,IPR;IntegratedPerformanceReport;AnnualReportAndAccounts;Strategy,2026-06-27,papers_found,Current-year page (BoardMeetings2526.aspx) lists 'Agenda Pack Trust Board in Public March 2026' and full monthly back-catalogue of agenda packs.
RH5,Somerset NHS Foundation Trust,Somerset,Acute and Acute & Community Trusts,South West,Somerset,Joe,https://www.somersetft.nhs.uk/about-us/trust-board-meetings/,,,,,,,
RH8,Royal Devon University Healthcare NHS Foundation Trust,Royal Devon University Healthcare;RDUH;Royal Devon,Acute and Acute & Community Trusts,South West,Devon,Joe,https://www.royaldevon.nhs.uk/about-us/board-of-directors/board-meetings-papers-minutes/,"Landing page is live and current but the site sits behind a WAF that returns HTTP 403 to WebFetch; use Playwright/headless browser, which loads it cleanly. The page lists the current calendar year's meetings inline with a 'Board papers and minutes' section giving, per meeting date, a meeting-pack PDF link plus a separate 'Minutes' PDF link, all served from the /media/{hash}/ path on the org domain. Older years live at .../board-meetings-papers-minutes/archive/. Match the meeting-pack PDF (filenames contain 'pack' or 'meeting-book' or 'meeting-pack'), not the minutes.",True,/media/{hash}/rduh-*-pack*.pdf;/media/{hash}/*meeting-pack*.pdf;/media/{hash}/*meeting-book*.pdf;board-public-{YYYYMMDD},minutes;action-tracker;glossary_of_acronyms;/archive/,2026-06-27,papers_found,"Three 2026 meeting packs (27 May, 25 Mar, 28 Jan) plus minutes listed inline on the live page, last updated June 2026."
RJ8,Cornwall Partnership NHS Foundation Trust,Cornwall Partnership,"Mental Health & Learning Disability and Mental Health, Learning Disability & Community Trusts",South West,Cornwall and the Isles of Scilly,Joe,https://www.cornwallft.nhs.uk/board-papers/,,,,,,,
RK9,University Hospitals Plymouth NHS Trust,University Hospitals Plymouth;UHP;Plymouth Hospitals,Acute and Acute & Community Trusts,South West,Devon,Joe,https://www.plymouthhospitals.nhs.uk/trust-board-meetings-and-papers/,,,,,,,
RN3,Great Western Hospitals NHS Foundation Trust,Great Western Hospitals;GWH,Acute and Acute & Community Trusts,South West,"Bath and North East Somerset, Swindon and Wiltshire",Joe,https://www.gwh.nhs.uk/about-us/trust-board/board-meetings/,,,,,,,
RNZ,Salisbury NHS Foundation Trust,Salisbury,Acute and Acute & Community Trusts,South West,"Bath and North East Somerset, Swindon and Wiltshire",Joe,https://www.salisbury.nhs.uk/about-us/the-trust-board/board-papers/,"Pattern B + C. The original landing /trust-board-meetings/ only lists upcoming meeting dates (no papers, validator correct). The papers live one click away at /about-us/the-trust-board/board-papers/, which is a year-archive index (Board papers 2026, Board papers 2025, etc.). Each year folder lists per-meeting sub-pages (e.g. '8 January 2026 Public Trust Board', '5 March 2026', '13 May Trust Board') and each year folder reportedly contains ~89 files. A crawler follows board-papers -> board-papers-YYYY -> per-meeting page -> individual paper/agenda PDFs. Papers are split into many individual item PDFs per meeting rather than one combined pack, so collect all PDFs under each per-meeting sub-page (prefer an 'agenda'/'papers' combined item if present).",False,board-papers-2026;board-papers-2025;public-trust-board;trust-board;agenda;papers,governors;council-of-governors;minutes-of-previous,2026-06-04,papers_found,"board-papers page exposes Board papers 2025 and 2026 year archives, and the 2026 archive lists dated per-meeting sub-pages (8 Jan, 5 Mar, 13 May 2026)."
RTE,Gloucestershire Hospitals NHS Foundation Trust,Gloucestershire Hospitals;Glos Hospitals;GlossHospitals,Acute and Acute & Community Trusts,South West,Gloucestershire,Joe,https://www.gloshospitals.nhs.uk/about-us/our-board/board-papers/,,,,,,,
RTQ,Gloucestershire Health and Care NHS Foundation Trust,Gloucestershire Health and Care,"Mental Health & Learning Disability and Mental Health, Learning Disability & Community Trusts",South West,Gloucestershire,Joe,https://www.ghc.nhs.uk/who-we-are/board-and-governors/,"Strategy: dated board-pack PDFs listed directly on the landing page (25 found this run), one per meeting. Static fetch works. Prefer 'Public Board Pack' / 'Board Papers' / 'Agenda and Papers'; filter observer notes, Q&A and addendums. Pattern A.",False,Public Board Pack;Board Papers;Agenda and Papers,Observer notes;Q&A;ICP Board;Minutes only;Addendum;Part B;Confidential,2026-05-29,papers_found,"Validator (static) found dated_pdfs=25, year_archives=0, meeting_subpages=1."
RVJ,North Bristol NHS Trust,North Bristol,Acute and Acute & Community Trusts,South West,"Bristol, North Somerset and South Gloucestershire",Joe,https://www.nbt.nhs.uk/about-us/meet-our-board/trust-board-meetings-20252026,,,,,,,
RVN,Avon and Wiltshire Mental Health Partnership NHS Trust,Avon and Wiltshire Mental Health Partnership,"Mental Health & Learning Disability and Mental Health, Learning Disability & Community Trusts",South West,"Bath and North East Somerset, Swindon and Wiltshire",Joe,https://www.awp.nhs.uk/about-us/publications/board-papers,"Landing page presents a document-library table of financial-year folder links (e.g. '2025 - 2026', '2024 - 2025') using internal /navigate/{id}/35520#document-library-35520 URLs; follow each year link (Pattern B) to reach that year's folder of dated board-paper PDFs. The landing page itself only exposes two reference documents ('Guidance on assurance rating', 'Risk appetite statement'), not the meeting packs. A crawler must click the year folder link to enumerate dated packs; the internal navigate IDs are dynamic so resolve them from the live landing page rather than hard-coding.",False,YYYY - YYYY;navigate/{id}/35520#document-library-35520;Board papers,Guidance on assurance rating;Risk appetite statement;download_file reference docs,2026-06-13,papers_partial,"Landing confirms year folders e.g. '2025 - 2026' and '2024 - 2025'; individual dated 2025/2026 PDFs sit one level inside each year folder (navigate IDs dynamic, read from live page)."
RWV,Devon Partnership NHS Trust,Devon Partnership,"Mental Health & Learning Disability and Mental Health, Learning Disability & Community Trusts",South West,Devon,Joe,https://www.dpt.nhs.uk/publications/,"Strategy: landing lists year archives (3 year links this run, e.g. 'Board papers 2025'). Follow each year link to dated PDF listings; main packs typically 5-30MB. Static fetch works. Pattern B.",False,Board Papers;Public Board Pack,Observer notes;Q&A;ICP Board;Minutes only;Addendum;Part B;Confidential,2026-05-29,papers_found,"Validator (static) found dated_pdfs=0, year_archives=3, meeting_subpages=0."
RPG,Oxleas NHS Foundation Trust,Oxleas,"Mental Health & Learning Disability and Mental Health, Learning Disability & Community Trusts",London,South East London,Ella,https://www.oxleas.nhs.uk/board-papers/,,,,,,,
RQY,South West London and St George's Mental Health NHS Trust,South West London and St George's Mental Health;St George's University Hospitals NHS Foundation Trust;St Georges University Hospitals;St George's,"Mental Health & Learning Disability and Mental Health, Learning Disability & Community Trusts",London,South West London,Ella,https://swlstg.nhs.uk/our-board,"Strategy: board papers, agendas and minutes are listed directly on the trust-board landing page (swlstg.nhs.uk/our-board), grouped by year, one entry per bi-monthly meeting. Prefer the 'Trust Board Part A' main pack (skip Part B / private). Static fetch works. Pattern F: DB URL was previously the wrong domain (stgeorges.nhs.uk = St George's University Hospitals, a different trust); corrected 2026-05-29.",False,Trust Board Part A;main pack;supplementary pack,Part B;Minutes only;private,2026-05-29,papers_found,Corrected from wrong domain; new page shows 2025-2026 Trust Board Part A main + supplementary packs.
RV5,South London and Maudsley NHS Foundation Trust,South London and Maudsley;SLaM;South London Maudsley,"Mental Health & Learning Disability and Mental Health, Learning Disability & Community Trusts",London,South East London,Ella,https://www.slam.nhs.uk/about-us/trust-board/,,,,,,,
R1H,Barts Health NHS Trust,Barts Health;Barts,Acute and Acute & Community Trusts,London,North East London,Matt D,https://www.bartshealth.nhs.uk/board-meetings,,,,,,,
R1K,London North West University Healthcare NHS Trust,London North West University Healthcare,Acute and Acute & Community Trusts,London,North West London,Matt D,https://www.nwl-acute-provider-group.nhs.uk/publications,,,,,,,
RAL,Royal Free London NHS Foundation Trust,Royal Free London;Royal Free;RFL,Acute and Acute & Community Trusts,London,North Central London,Matt D,https://www.royalfree.nhs.uk/about-us/trust-board/trust-board-meetings,Strategy: /about-us/trust-board/trust-board-meetings is correct (archive at /about-us/trust-board/archived-board-papers; also hosts former North Middlesex board papers). Site WAF returns 403/500 to non-browser fetchers. Pattern E anti-bot — use a browser/Playwright; bi-monthly meetings.,True,Board papers;Agenda,Observer notes;Q&A;ICP Board;Minutes only;Addendum;Part B;Confidential,2026-05-29,needs_playwright,WAF returns 403/500 to bots; Google confirms URL is the live 'Trust board meetings' page.
RAS,The Hillingdon Hospitals NHS Foundation Trust,Hillingdon Hospitals,Acute and Acute & Community Trusts,London,North West London,Matt D,https://www.nwl-acute-provider-collaborative.nhs.uk/publications,"Hillingdon does not publish a standalone trust board; it sits in the North West London Acute Provider Collaborative 'Board in Common' (four acute trusts), so its current board papers are the group's Board-in-Common packs. The provider-group site (nwl-acute-provider-group.nhs.uk) only has a 'meet the board' page with no papers; the actual dated packs live on the NWL Acute Provider Collaborative site under /publications (and its /events meeting pages), as single 'full pack'/'agenda and papers' PDFs at /-/media/website/nwl-acute-provider-collaborative/documents/board-in-common/...-full-pack.pdf or agenda-and-papers--board-in-common-public--DDMMYYYY.pdf. The same PDFs are mirrored on imperial.nhs.uk. Confirmed 2026 public meetings: 20 Jan, 28 Apr, 28 Jul. Note imperial.nhs.uk and the collaborative pages may 403 to bare fetchers; fetch the PDF URLs directly or render. Prefer the public 'full pack' for the latest past meeting; ignore the parallel provider-group domain and 'Part 2/confidential' items.",False,/-/media/website/nwl-acute-provider-collaborative/documents/board-in-common/;nwl-apc-board-in-common-public-meeting-DDMMYYYY--full-pack.pdf;agenda-and-papers--board-in-common-public--DDMMYYYY.pdf,nwl-acute-provider-group.nhs.uk/about-us/board-in-common;Part 2;confidential;private,2026-06-06,papers_found,Board-in-Common full-pack PDFs for 20 Jan 2026 and 28 Apr 2026 (covering Hillingdon) are published on the NWL Acute Provider Collaborative site.
RF4,"Barking, Havering and Redbridge University Hospitals NHS Trust","Barking, Havering and Redbridge University Hospitals",Acute and Acute & Community Trusts,London,North East London,Matt D,https://www.bhrhospitals.nhs.uk/papers-minutes/,"Landing page shows a 'Folders' list (e.g. 'January 2026', 'March 2026', 'May 2026', 'Previous years') as clickable month folders using /papers-minutes?smbfolder={id} URLs (Pattern B/C); follow each month folder to reach the full board pack PDF inside. Packs are full 'Trust Board (Public) Papers' documents served via /download.cfm?doc=...&ver=... links, not minutes. A crawler must enter each month folder to obtain the dated PDF; the 'Previous years' folder shows 0 files but real packs sit in the dated month folders.",False,Trust Board (Public) Papers DD.MM.YY;Month YYYY folder;download.cfm?doc=...&ver=,Procedure for questions from the public;Teams meeting links;Previous years (0 files),2026-06-13,papers_partial,Inside the folder structure confirmed pack 'Trust Board (Public) Papers 15.01.26 (v2) For Website Reduced Size.pdf' (uploaded 16 Jan 2026); March/May 2026 folders present.
RKE,Whittington Health NHS Trust,Whittington Health,Acute and Acute & Community Trusts,London,North Central London,Matt D,https://www.whittington.nhs.uk/default.asp?c=20208,"Classic ASP page lists board packs directly on the landing (Pattern A) under year headings ('Meetings in 2026', 'Meetings in 2025') as dated hyperlinks of the form 'Download the board papers for DD Month YYYY' pointing to internal numeric document IDs. A crawler can harvest all dated packs in a single pass; no year folders or per-meeting sub-pages. Ignore the 'printed copies on request' note.",False,Download the board papers for DD Month YYYY;Meetings in YYYY;numeric document ID links,Printed copies available on request;minutes only,2026-06-13,papers_found,Direct dated links e.g. 'Download the board papers for 21 May 2026' (doc 16288) and 'Download the board papers for 26 November 2025' (doc 16128).
RQM,Chelsea and Westminster Hospital NHS Foundation Trust,Chelsea and Westminster Hospital;Chelsea Westminster Hospital;ChelWest,Acute and Acute & Community Trusts,London,North West London,Matt D,https://www.chelwest.nhs.uk/about-us/board-of-directors/,"Strategy: landing lists year archives (5 year links this run, e.g. 'Board papers 2025'). Follow each year link to dated PDF listings; main packs typically 5-30MB. Static fetch works. Pattern B.",False,Board Papers;Public Board Pack,Observer notes;Q&A;ICP Board;Minutes only;Addendum;Part B;Confidential,2026-05-29,papers_found,"Validator (static) found dated_pdfs=0, year_archives=5, meeting_subpages=2."
RQX,Homerton Healthcare NHS Foundation Trust,Homerton Healthcare,Acute and Acute & Community Trusts,London,North East London,Matt D,https://www.homerton.nhs.uk/board-papers/,"Landing page lists board packs directly (Pattern A) under year groupings ('2026', '2025', '2024') with each month name acting as a hyperlink to a dated PDF at /download/{slug}.pdf. A crawler can harvest all month PDFs from this single index in one pass; there are no intermediate folders or per-meeting sub-pages.",False,Month name link under YYYY heading;/download/{month}-{year}.pdf;papers-{month}-{year}.pdf,minutes only;non-dated reference docs,2026-06-13,papers_found,Direct PDFs e.g. May 2026 (/download/may-2026-paperspdf.pdf) and November 2025 (/download/november-2025.pdf).
RRV,University College London Hospitals NHS Foundation Trust,University College London Hospitals;UCLH,Acute and Acute & Community Trusts,London,North Central London,Matt D,https://www.uclh.nhs.uk/about-us/who-we-are/board-directors/board-meetings-and-papers,"Strategy: dated board-pack PDFs listed directly on the landing page (12 found this run), one per meeting. Static fetch works. Prefer 'Public Board Pack' / 'Board Papers' / 'Agenda and Papers'; filter observer notes, Q&A and addendums. Pattern A.",False,Public Board Pack;Board Papers;Agenda and Papers,Observer notes;Q&A;ICP Board;Minutes only;Addendum;Part B;Confidential,2026-05-29,papers_found,"Validator (static) found dated_pdfs=12, year_archives=17, meeting_subpages=6."
RYJ,Imperial College Healthcare NHS Trust,Imperial College Healthcare;Imperial Healthcare,Acute and Acute & Community Trusts,London,North West London,Matt D,https://www.imperial.nhs.uk/about-us/board-papers/,,,,,,,
RAN,Royal National Orthopaedic Hospital NHS Trust,Royal National Orthopaedic Hospital;RNOH,Acute Specialist Trusts,London,North West London,Matt D,https://www.rnoh.nhs.uk/about-us/corporate-information/board-meetings,"Strategy: dated board-pack PDFs listed directly on the landing page (34 found this run), one per meeting. Static fetch works. Prefer 'Public Board Pack' / 'Board Papers' / 'Agenda and Papers'; filter observer notes, Q&A and addendums. Pattern A.",False,Public Board Pack;Board Papers;Agenda and Papers,Observer notes;Q&A;ICP Board;Minutes only;Addendum;Part B;Confidential,2026-05-29,papers_found,"Validator (static) found dated_pdfs=34, year_archives=0, meeting_subpages=1."
RP4,Great Ormond Street Hospital for Children NHS Foundation Trust,Great Ormond Street Hospital for Children;Great Ormond Street;GOSH,Acute Specialist Trusts,London,North Central London,Matt D,https://www.gosh.nhs.uk/about-us/who-we-are/organisational-structure/trust-board/trust-board-meetings/,"Landing page is live and even loads via WebFetch (no WAF block observed). The page lists, per meeting date, a single combined 'Download meeting papers {Month YYYY}' PDF plus a 'final minutes' PDF; the combined agenda+papers pack is one file served from the media.gosh.nhs.uk/documents/ subdomain. Take the meeting-papers pack (filenames contain 'Trust_Board_agenda_and_papers_{DDMMYY}'), not the minutes. Older years have their own sub-pages (.../trust-board-papers-{YEAR}/).",False,media.gosh.nhs.uk/documents/*Trust_Board_agenda_and_papers_{DDMMYY}.pdf;media.gosh.nhs.uk/documents/Public_Trust_Board_agenda_and_papers_*.pdf;'Download meeting papers {Month} {Year}' link text,minutes;trust-board-papers-2015;trust-board-papers-201;members-council;publication-scheme,2026-06-27,papers_found,Live page shows the 18 June 2026 combined papers pack (6.1MB) plus Jan/Mar/May 2026 papers and minutes; WebFetch read it successfully.
RRU,London Ambulance Service NHS Trust,London Ambulance Service;LAS,Ambulance Trusts,London,-,Matt D,https://www.londonambulance.nhs.uk/about-us/how-we-are-run/trust-board/,,,,,,,
RAT,North East London NHS Foundation Trust,North East London;NELFT,"Mental Health & Learning Disability and Mental Health, Learning Disability & Community Trusts",London,North East London,Matt D,https://www.nelft.nhs.uk/about-us-board-papers/,,,,,,,
RKL,West London NHS Trust,West London,"Mental Health & Learning Disability and Mental Health, Learning Disability & Community Trusts",London,North West London,Matt D,https://www.westlondon.nhs.uk/about-us/trust-board/board-papers,"Strategy: dated board-pack PDFs listed directly on the landing page (55 found this run), one per meeting. Static fetch works. Prefer 'Public Board Pack' / 'Board Papers' / 'Agenda and Papers'; filter observer notes, Q&A and addendums. Pattern A.",False,Public Board Pack;Board Papers;Agenda and Papers,Observer notes;Q&A;ICP Board;Minutes only;Addendum;Part B;Confidential,2026-05-29,papers_found,"Validator (static) found dated_pdfs=55, year_archives=0, meeting_subpages=0."
RNK,Tavistock and Portman NHS Foundation Trust,Tavistock and Portman,"Mental Health & Learning Disability and Mental Health, Learning Disability & Community Trusts",London,North Central London,Matt D,https://tavistockandportman.nhs.uk/publications/?publication-types=board-papers,"Pattern C/F (per-meeting sub-pages; wrong-url-fixed). Old URL was the /about-us/our-board/ profile page which only links out and has no dated papers. New URL is the publications listing filtered to board-papers, which lists per-meeting entries 'Board papers - {Month Year}' each linking to a sub-page (e.g. /publications/board-papers-march-2026/) that holds the combined pack PDF. Most recent entries: March 2026, January 2026 (plus an Extraordinary board papers - January 2026), November 2025. IMPORTANT QUIRK: Tavistock and Portman NHS FT merged into North London NHS Foundation Trust on 1 April 2026 and this website is now archived (banner: 'This website has been archived'); historical board papers remain accessible here but future packs will move to the North London FT site. A crawler should follow the latest 'Board papers' entry to its sub-page and take the combined pack; skip 'Extraordinary' unless that is the only recent meeting.",False,Board papers - {Month Year};board-papers-{month}-{year},Extraordinary board papers;archived website,2026-06-04,papers_found,Publications board-papers filter lists dated meeting sub-pages through March 2026 (site archived post-merger but papers still live).
RV3,Central and North West London NHS Foundation Trust,Central and North West London,"Mental Health & Learning Disability and Mental Health, Learning Disability & Community Trusts",London,North Central London,Matt D,https://www.cnwl.nhs.uk/about/planning-performance-and-reports,,,,,,,
RWK,East London NHS Foundation Trust,East London;North East London NHS Foundation Trust;NELFT,"Mental Health & Learning Disability and Mental Health, Learning Disability & Community Trusts",London,North East London,Matt D,https://www.elft.nhs.uk/information-about-elft/our-board/trust-board-meetings/trust-board-papers,"Pattern A/F (dated combined PDFs on the corrected sub-page; wrong-url-fixed). Old URL (/trust-board-meetings) is a hub page that only links out ('You can find our Board Meeting papers here') with no dated PDFs, hence no_papers_visible. New URL is the trust-board-papers sub-page which lists each meeting date with a 'Combined board papers' link to a single combined PDF under /sites/default/files/{yyyy-mm}/. Recent entries run May 2026, March 2026, January 2026, December 2025, September 2025, etc. A crawler should take the most recent date's 'Combined board papers' PDF (the full pack). Older years are under a separate 'papers-previous-years' sub-page. Note: org is East London NHS Foundation Trust (ELFT); the names list also mentions NELFT but that is a different trust.",False,Combined board papers;TBD PUBLIC;Combined Papers;Trust Board in Public,previous years;Acronyms.pdf;minutes,2026-06-04,papers_found,Corrected sub-page lists Combined board paper PDFs through 21 May 2026.
R0B,South Tyneside and Sunderland NHS Foundation Trust,South Tyneside and Sunderland;South Tyneside Sunderland;STSFT,Acute and Acute & Community Trusts,North East and Yorkshire,North East and North Cumbria,Matt M,https://www.stsft.nhs.uk/about-us/our-people/our-board/board-papers,"Current URL is live and correct; the 'no board papers visible' failure was a WAF/transient block — the page renders board papers organised by financial year (2019/20 through 2026/27). Breadcrumb: Home > About us > Our people > Our board > Board papers. PDFs are served via an indirected download endpoint /download_file/view/{uuid}/{id} rather than direct .pdf links, so link-detection must capture download_file/view hrefs, not just *.pdf. Retry WebFetch on 403; no JS rendering required.",False,/download_file/view/;financial-year groupings (e.g. 2026/27);agenda and papers per meeting date,board-meeting-dates;executive-directors;non-executive-directors,2026-06-27,papers_found,"Most recent 2026/27 meetings (4 June, 2 April) each link to agenda and papers via download_file/view endpoints."
RNN,North Cumbria Integrated Care NHS Foundation Trust,North Cumbria Integrated Care,Acute and Acute & Community Trusts,North East and Yorkshire,North East and North Cumbria,Matt M,https://www.ncic.nhs.uk/trust/how-we-are-run/board-meetings,"Pattern A: the landing page lists a combined 'Agenda and Papers' board-pack PDF per meeting directly, grouped under year headings (2026, 2025, etc.), all visible in static HTML. Each link is a single large combined PDF served via the CMS download endpoint of form https://www.ncic.nhs.uk/download_file/view/<id>/268 (the /268 suffix is the board-papers document category; numeric ids are non-sequential and not date-derivable, so a crawler must scrape the dated link text on this page rather than guess ids). PDFs are large (10MB+). Upcoming-meeting links of form /events/event-details?occurrenceID=NNNN are calendar entries, not packs. No JS rendering needed.",False,/download_file/view/<id>/268;Agenda and Papers,/events/event-details;occurrenceID=,2026-06-04,papers_found,Static page lists dated combined Agenda+Papers board-pack PDFs for 2025 and 2026; sampled May 2026 link returned a multi-MB PDF.
RR7,Gateshead Health NHS Foundation Trust,Gateshead Health;QE Gateshead,Acute and Acute & Community Trusts,North East and Yorkshire,North East and North Cumbria,Matt M,https://www.gatesheadhealth.nhs.uk/news/resources_type/board-papers/,,,,,,,
RTD,The Newcastle upon Tyne Hospitals NHS Foundation Trust,Newcastle upon Tyne Hospitals;Newcastle Hospitals;NUTH,Acute and Acute & Community Trusts,North East and Yorkshire,North East and North Cumbria,Matt M,https://www.newcastle-hospitals.nhs.uk/about/board-of-directors-2/board-of-directors-papers/,,,,,,,
RTF,Northumbria Healthcare NHS Foundation Trust,Northumbria Healthcare,Acute and Acute & Community Trusts,North East and Yorkshire,North East and North Cumbria,Matt M,https://www.northumbria.nhs.uk/about-us/corporate-information/strategies-and-reports/board-papers,"Static-fetchable landing page (HTTP 200) listing dated full board packs directly, grouped under year headings (2026, 2025). Each entry is a 'Public board papers - [Month Year]' anchor that links straight to a single PDF download at /download_file/{id}/875 — no year sub-folders or per-meeting sub-pages to traverse. Crawl the landing, collect all anchors whose text matches 'Public board papers - <Month> <Year>' and resolve the /download_file/ href as the dated board-pack PDF. Pattern A. The board meets bi-monthly so expect ~6 packs/year. Ignore the separate 'Guidance note for public meetings' and any future-dates list with no download link yet.",False,Public board papers - {Month} {Year};/download_file/{id}/875,Guidance note for public meetings;future dates with no download link,2026-06-13,papers_found,Confirmed dated packs e.g. 'Public board papers - January 2026' (/download_file/3812/875) and 'Public board papers - November 2025' (/download_file/3764/875).
RTR,South Tees Hospitals NHS Foundation Trust,South Tees Hospitals;South Tees,Acute and Acute & Community Trusts,North East and Yorkshire,North East and North Cumbria,Matt M,https://www.southtees.nhs.uk/resources/?topic=board-of-directors,"South Tees and North Tees now run a single joint 'University Hospitals Tees' (UHT) group board, so the papers are GROUP packs published on the South Tees domain. The current /about/university-hospitals-tees/board-meetings/ landing is just a description page and shows no PDFs directly. The real archive is the resources filter /resources/?topic=board-of-directors, which lists 'Group Board of Directors Agenda - <date>' entries (7 May 2026, 5 Mar 2026, 8 Jan 2026, 6 Nov 2025, 3 Jul 2025...). Each entry is a per-meeting sub-page (e.g. /resources/group-board-of-directors-agenda-5-march-2026/) containing the direct combined papers PDF under /wp-content/uploads/{YYYY}/{MM}/. Crawler path: load the resources filter -> follow each 'group-board-of-directors-agenda-{date}' sub-page -> grab the /wp-content/uploads/.../Board-of-Directors-papers-*.pdf (or UHT-Board-Public-Papers-*.pdf) link. Static fetch sufficient. Prefer the single combined 'papers' PDF; filter committee/quality-assurance items.",False,/resources/group-board-of-directors-agenda-{date}/;/wp-content/uploads/{YYYY}/{MM}/Board-of-Directors-papers-{date}.pdf;/wp-content/uploads/{YYYY}/{MM}/UHT-Board-Public-Papers-{date}.pdf,minutes;committee,2026-06-06,papers_found,Resources filter lists dated UHT group board agendas/papers and a confirmed 5 March 2026 papers PDF resolves on the southtees.nhs.uk domain.
RVW,North Tees and Hartlepool NHS Foundation Trust,North Tees and Hartlepool;North Tees Hartlepool;NTH,Acute and Acute & Community Trusts,North East and Yorkshire,North East and North Cumbria,Matt M,https://www.southtees.nhs.uk/resources/?topic=board-of-directors,"RVW (North Tees) shares the same single University Hospitals Tees group board with South Tees, so the authoritative dated packs live on the South Tees domain, NOT the nth.nhs.uk page. The nth.nhs.uk board-meetings page only lists future event stubs plus a 'Group board papers' resources link, hence 'papers_partial'. The complete combined UHT group packs are hosted on southtees.nhs.uk under /wp-content/uploads/{YYYY}/{MM}/. Point the crawler at the South Tees resources filter (same group pack as RTR) since these UHT packs cover both trusts. Navigation: resources filter -> per-meeting 'group-board-of-directors-agenda-{date}' sub-page -> direct papers PDF. Static fetch works; prefer the combined public papers PDF; dedupe against RTR since it is the same physical pack.",False,/resources/group-board-of-directors-agenda-{date}/;/wp-content/uploads/{YYYY}/{MM}/UHT-Board-Public-Papers-{date}.pdf;/wp-content/uploads/{YYYY}/{MM}/Board-of-Directors-papers-{date}.pdf,minutes;committee;/about/events/,2026-06-06,papers_found,Same UHT group board as South Tees; dated 2026 group packs confirmed on the shared southtees.nhs.uk domain.
RX3,"Tees, Esk and Wear Valleys NHS Foundation Trust","Tees, Esk and Wear Valleys","Mental Health & Learning Disability and Mental Health, Learning Disability & Community Trusts",North East and Yorkshire,North East and North Cumbria,Matt M,https://www.tewv.nhs.uk/about/board/papers-previous-board-meetings/,"Strategy: dated board-pack PDFs listed directly on the landing page (53 found this run), one per meeting. Static fetch works. Prefer 'Public Board Pack' / 'Board Papers' / 'Agenda and Papers'; filter observer notes, Q&A and addendums. Pattern A.",False,Public Board Pack;Board Papers;Agenda and Papers,Observer notes;Q&A;ICP Board;Minutes only;Addendum;Part B;Confidential,2026-05-29,papers_found,"Validator (static) found dated_pdfs=53, year_archives=0, meeting_subpages=0."
RX4,"Cumbria, Northumberland, Tyne and Wear NHS Foundation Trust","Cumbria, Northumberland, Tyne and Wear;CNTW;Cumbria Northumberland Tyne Wear","Mental Health & Learning Disability and Mental Health, Learning Disability & Community Trusts",North East and Yorkshire,North East and North Cumbria,Matt M,https://www.cntw.nhs.uk/about/team/board/,"The old publications library (/about/publications/ and the ?filter_publication_type=344 filter, plus per-meeting /about/publications/board-papers-DATE/ pages) has been decommissioned and now returns hard 404s. The current canonical board landing is /about/team/board/ (title 'Board and Governors'), which loads cleanly via static fetch and lists the latest meeting packs (Jan 2026, April 2026, plus Council of Governors packs) as download links of the form /download_file/{uuid}/258 rather than direct .pdf URLs. The trust holds quarterly public board meetings; this page surfaces the most recent few packs, so follow each download_file link. Raw /wp-content/uploads/*.pdf files exist on the CDN but return 403 to bots behind the WAF — prefer the on-page download_file links. Prefer 'Board of Directors PUBLIC papers' over Council of Governors items.",False,/download_file/;Board of Directors;PUBLIC papers;/wp-content/uploads/;Month-YYYY,council-of-governor;private;confidential;agenda-only;minutes,2026-06-27,papers_found,/about/team/board/ lists 'CNTW Board of Directors Public Papers Jan 2026' and 'April 2026' (posted 17/06/2026) as download_file links; old publications pages return genuine 404.
RXP,County Durham and Darlington NHS Foundation Trust,County Durham and Darlington;County Durham Darlington;CDDFT,Acute and Acute & Community Trusts,North East and Yorkshire,North East and North Cumbria,Matt M,https://www.cddft.nhs.uk/about-us/corporate-information/trust-board/board-meetings-and-papers,,,,,,,
R1C,Solent NHS Trust,Solent,"Mental Health & Learning Disability and Mental Health, Learning Disability & Community Trusts",South East,Hampshire and Isle of Wight,Mimi,https://hiowhealthcare.nhs.uk/about-us/our-board/meetings-and-papers,"Static-fetchable landing (Hampshire & IoW Healthcare, successor to Solent) listing dated public board meetings directly under year-range headings ('Board Meeting Papers 2026-2027', 'Board Meeting Papers 2025-2026', 'Most Recent Board Papers'). Each meeting is anchored by its date (e.g. 'Tuesday 09 December 2025') which links to the agenda/papers PDF; meetings run roughly bi-monthly on Tuesdays. No intermediate year folders or per-meeting hub pages — the dated anchor resolves to the PDF. Pattern A. Take date-text anchors under the 2025-2026 / 2026-2027 headings. Exclude the 'Confidential agenda' link that accompanies each public entry (closed-session agenda, not the public pack).",False,Tuesday {DD} {Month} {Year};Board Meeting Papers {Year}-{Year},Confidential agenda;confidential,2026-06-13,papers_found,"Confirmed dated entries e.g. 'Tuesday 10 February 2026' and 'Tuesday 09 December 2025', each with a public agenda link plus a 'Confidential agenda' to skip."
R1F,Isle of Wight NHS Trust,,Acute and Acute & Community Trusts,South East,Hampshire and Isle of Wight,Mimi,https://www.iow.nhs.uk/about-us/our-trust-board,,,,,,,
RDU,Frimley Health NHS Foundation Trust,Frimley Health;FHFT,Acute and Acute & Community Trusts,South East,Frimley,Mimi,https://www.fhft.nhs.uk/about-us/how-we-are-run/trust-board,,,,,,,
RHM,University Hospital Southampton NHS Foundation Trust,University Hospital Southampton;UHS;Southampton University Hospitals,Acute and Acute & Community Trusts,South East,Hampshire and Isle of Wight,Mimi,https://www.uhs.nhs.uk/about-the-trust/how-the-trust-is-run/trust-board,,,,,,,
RHU,Portsmouth Hospitals University National Health Service Trust,Portsmouth Hospitals University NHS Trust;Portsmouth Hospitals;PHU,Acute and Acute & Community Trusts,South East,Hampshire and Isle of Wight,Mimi,https://www.porthosp.nhs.uk/about-us/our-trust/our-trust-board,"Strategy: landing lists year archives (3 year links this run, e.g. 'Board papers 2025'). Follow each year link to dated PDF listings; main packs typically 5-30MB. Static fetch works. Pattern B.",False,Board Papers;Public Board Pack,Observer notes;Q&A;ICP Board;Minutes only;Addendum;Part B;Confidential,2026-05-29,papers_found,"Validator (static) found dated_pdfs=3, year_archives=3, meeting_subpages=0."
RHW,Royal Berkshire NHS Foundation Trust,Royal Berkshire;RBFT,Acute and Acute & Community Trusts,South East,"Buckinghamshire, Oxfordshire and Berkshire West",Mimi,http://www.royalberkshire.nhs.uk/about-us/governance/open-meetings,,,,,,,
RN5,Hampshire Hospitals NHS Foundation Trust,Hampshire Hospitals;HHFT,Acute and Acute & Community Trusts,South East,Hampshire and Isle of Wight,Mimi,https://www.hampshirehospitals.nhs.uk/about-us/our-publications/board-directors-papers,,,,,,,
RNU,Oxford Health NHS Foundation Trust,Oxford Health,"Mental Health & Learning Disability and Mental Health, Learning Disability & Community Trusts",South East,"Buckinghamshire, Oxfordshire and Berkshire West",Mimi,https://www.oxfordhealth.nhs.uk/about-us/board-papers/,,,,,,,
RTH,Oxford University Hospitals NHS Foundation Trust,Oxford University Hospitals;OUH,Acute and Acute & Community Trusts,South East,"Buckinghamshire, Oxfordshire and Berkshire West",Mimi,https://www.ouh.nhs.uk/about/trust-board/meetings-and-papers/,,,,,,,
RW1,Southern Health NHS Foundation Trust,Southern Health,"Mental Health & Learning Disability and Mental Health, Learning Disability & Community Trusts",South East,Hampshire and Isle of Wight,Mimi,https://hiowhealthcare.nhs.uk/about-us/our-board/meetings-and-papers,,,,,,,
RWX,Berkshire Healthcare NHS Foundation Trust,Berkshire Healthcare,"Mental Health & Learning Disability and Mental Health, Learning Disability & Community Trusts",South East,Frimley,Mimi,https://www.berkshirehealthcare.nhs.uk/about-us/our-board-meetings,,,,,,,
RXQ,Buckinghamshire Healthcare NHS Trust,Buckinghamshire Healthcare;BHT,Acute and Acute & Community Trusts,South East,"Buckinghamshire, Oxfordshire and Berkshire West",Mimi,https://www.buckshealthcare.nhs.uk/publications/trust-board-papers/,"Pattern B then C: the landing page is a year-archive index linking to per-year sub-pages (e.g. /publications/trust-board-papers/trust-board-meetings-2026/ and .../trust-board-meetings-2025/), all in static HTML. Each year page lists one document-folder sub-page per meeting at /documents/<slug>-trust-board-papers-<month>-<year>/ (the slug is prefixed by a stray single letter such as 'w/x/y/z' in the link text). That document page is NOT a single combined pack: it holds many separately-linked numbered PDFs (00 Agenda, 01.1 Meeting Protocol, ... through ~22). A crawler must follow year -> meeting document page -> individual numbered PDFs; there is no combined Agenda+Papers download, so collect the full set of numbered PDFs per meeting. No JS rendering needed.",False,/publications/trust-board-papers/trust-board-meetings-<year>/;/documents/<slug>-trust-board-papers-<month>-<year>/;00 Agenda,board-affiliate-blog;organisational-chart,2026-06-04,papers_found,Year sub-pages list per-meeting document folders for 2025 and 2026; the March 2026 folder contains the numbered agenda and papers PDFs (00-22).
R0A,Manchester University NHS Foundation Trust,Manchester University;MFT,Acute and Acute & Community Trusts,North West,Greater Manchester,Nick,https://mft.nhs.uk/the-trust/the-board/board-meetings/,"Strategy: landing has a year-selector dropdown; each meeting has its OWN page at /board-meetings/{month}-{year}/ (lowercase month, hyphen-separated, eg /board-meetings/november-2025/, /board-meetings/may-2026/). Each meeting page contains 1-2 PDFs labelled 'Download board paper' / 'Download agenda'. Brute-force enumeration of {month}-{year} slugs across the 24-month window finds ~13 valid meeting pages. Old DB URL /about-us/board-of-directors/ exists but redirects to a single old (Jan 2021) meeting page — wrong. WARNING: landing page also has a Google Translate language selector — do not click that thinking it's the year dropdown.",False,Download board paper; board paper; agenda,Confidential; Part 2; Private; Minutes only,2026-05-29,papers_found,13 in-window meetings via brute-force /board-meetings/{month-year}/ probe. May 2026 and March 2026 packs (15MB + 11MB) both have detectable BAF sections.
RBV,The Christie NHS Foundation Trust,Christie;Christie Hospital,Acute Specialist Trusts,North West,Greater Manchester,Nick,https://www.christie.nhs.uk/about-us/the-foundation-trust/about-the-trust/board-of-directors-meetings,,,,,,,
RM3,Northern Care Alliance NHS Foundation Trust,Northern Care Alliance;NCA,Acute and Acute & Community Trusts,North West,Greater Manchester,Nick,https://www.northerncarealliance.nhs.uk/about-us/board-directors/board-dates-and-papers,"Current URL is live and correct; 'no board papers visible' was a WAF/transient block. Page lists upcoming Board of Directors dates plus completed-meeting 'Meeting papers' links organised by financial year back to Sept 2021 (plus archival Committee in Common 2019-2021). PDFs use an indirected endpoint /download_file/view/{id}/{collection} rather than direct .pdf URLs, so capture download_file/view hrefs. Public sessions also have livestream/recording video links to ignore. Retry WebFetch on 403; no JS rendering required.",False,/download_file/view/;financial-year groupings;'Meeting papers' link per completed date,livestream;video;council-of-governors;annual-reports;quality-accounts,2026-06-27,papers_found,"Completed 2026 meetings (6 May, 4 March) each link to meeting papers via download_file/view endpoints."
RMC,Bolton NHS Foundation Trust,Bolton;Bolton Hospital;BTHFT,Acute and Acute & Community Trusts,North West,Greater Manchester,Nick,https://www.boltonft.nhs.uk/about-us/our-board/board-of-directors-meetings/,"Pattern C (per-meeting combined PDFs). The validator was pointed at the parent /about-us/our-board/ landing, which only describes the board and links onward; the actual papers live one click deeper at /about-us/our-board/board-of-directors-meetings/. That page lists each Board of Directors meeting by date under year headings (2026, 2025, plus archived 2024 and earlier) with a single combined PDF bundle per meeting (agenda + papers), e.g. wp-content/uploads/2026/.../Board-of-Directors-<date>.pdf. A crawler reaches dated papers by following the 'Board of Directors meetings' link from the landing, then taking the per-date PDF under each year heading; bundles are stored under /wp-content/uploads/<year>/<month>/. Bi-monthly cadence. No JS gallery, no anti-bot.",False,wp-content/uploads/;Board-of-Directors-;<date>.pdf;per-meeting combined bundle,Register-of-Interests;register-of-interests,2026-06-04,papers_found,Child meetings page lists combined Board of Directors PDF bundles for every 2025 and 2026 meeting under year headings.
RMP,Tameside and Glossop Integrated Care NHS Foundation Trust,Tameside and Glossop Integrated Care;Tameside Glossop;Tameside Hospital,Acute and Acute & Community Trusts,North West,Greater Manchester,Nick,https://www.tamesideandglossopicft.nhs.uk/about-us/trust-oversight/trust-board/trust-board-minutesagendas,"Pattern C (per-meeting combined PDFs) plus pattern F (wrong landing fixed). The validator hit the /trust-board overview page, which only lists future meeting dates and states 'Meeting papers will be available prior to the meeting'; the papers archive is one click deeper at .../trust-board/trust-board-minutesagendas. That page lists each public Trust Board meeting by month/year with a single 'Combined Papers' PDF per meeting; URLs are inconsistent (some are friendly application/files/.../Combined_Papers...pdf paths, others are opaque /download_file/<id>/0 endpoints), so a crawler should follow each meeting's link rather than guess a pattern. Quirk: the page states old minutes/agendas are available only up to April 2026 — for meetings from April 2026 onward the trust directs users to the South East Sector Health Care Partnership site (southeastsector-hcp.nhs.uk), so this archive will become stale for newer meetings. No JS gallery, no anti-bot.",False,application/files/;Combined_Papers;download_file/<id>/0;per-meeting combined bundle,southeastsector-hcp.nhs.uk;register-of-interests,2026-06-04,papers_found,"Minutes/agendas child page has combined public Trust Board paper PDFs for every 2025 and 2026 meeting (Jan-Nov 2025, Jan and Mar 2026)."
RRF,"Wrightington, Wigan and Leigh Teaching Hospitals NHS Foundation Trust","Wrightington, Wigan and Leigh Teaching Hospitals;Wrightington Wigan Leigh;WWL",Acute and Acute & Community Trusts,North West,Greater Manchester,Nick,https://www.wwl.nhs.uk/board-papers,"The old path /about-us/board-papers/ still 200s but the canonical current landing is /board-papers (title 'WWL Teaching Hospitals NHS Foundation Trust | Board Papers'). Both pages render server-side and list public meeting bundles by date under a '2026 Meetings' section, each with a 'Meeting papers' link to a single combined PDF in /media/board/Papers/{year}/. An older archive sits at /board-papers-archive. Plain WebFetch reads it fine; no WAF or JS needed. Filenames are not URL-stable; crawl by matching 'Public Bundle'/'Public meeting'/'meeting bundle' + DD.MM.YY in /media/board/Papers/2026/.",False,/media/board/Papers/{YYYY}/;Board of Directors - Public Bundle DD.MM.YY RFS.pdf;Board of Directors meeting bundle - Public meeting DD.MM.YY RFS.pdf,/board-papers-archive (older years);upcoming meetings with agenda not yet published;Company.Secretary contact text,2026-06-27,papers_found,"2026 public board bundles (04 Feb, 01 Apr, 17 Jun) present as live large PDFs on the wwl.nhs.uk domain."
RT2,Pennine Care NHS Foundation Trust,Pennine Care,"Mental Health & Learning Disability and Mental Health, Learning Disability & Community Trusts",North West,Greater Manchester,Nick,https://www.penninecare.nhs.uk/boardmeetings,,,,,,,
RWJ,Stockport NHS Foundation Trust,Stockport;Stockport Hospital;Stepping Hill,Acute and Acute & Community Trusts,North West,Greater Manchester,Nick,https://www.stockport.nhs.uk/about/board/board-meetings/,"Static-fetch friendly. GOVERNANCE CHANGE: from 1 April 2026 Stockport FT and Tameside & Glossop ICFT delegated authority to a Joint Board Committee ('South East Sector Health Care Partnership'); this Stockport page now hosts only legacy single-trust packs up to ~Oct 2025 (each a combined 'Public Documents' PDF per meeting) and redirects April-2026-onward Joint Board packs to the partnership site https://www.southeastsector-hcp.nhs.uk/ (single-page; lists Joint Board dates with packs served from the tamesideandglossopicft.nhs.uk/download_file/{id}/0 domain, an official partner site). To reach current 2026 papers a crawler must follow the partnership link. Prefer 'Public Documents'/'Joint Public Board Meeting Pack' PDFs; ignore 'Private Agenda'. Consider the partnership URL as a secondary source.",False,Trust Board Meeting DD.MM.YY - Public Documents;Joint Public Board Meeting Pack - {Month} 2026;tamesideandglossopicft.nhs.uk/download_file/{id}/0,Private Agenda;Constitution;Scheme of Reservation,2026-06-06,papers_found,2025 single-trust public packs on the Stockport page and a live June 2026 Joint Public Board Meeting Pack on the partnership site confirmed.
RXV,Greater Manchester Mental Health NHS Foundation Trust,Greater Manchester Mental Health;GMMH,"Mental Health & Learning Disability and Mental Health, Learning Disability & Community Trusts",North West,Greater Manchester,Nick,https://www.gmmh.nhs.uk/board-meetings/,,,,,,,
R1L,Essex Partnership University NHS Foundation Trust,Essex Partnership University;EPUT,"Mental Health & Learning Disability and Mental Health, Learning Disability & Community Trusts",East of England,Mid and South Essex,TBC,https://eput.nhs.uk/about-us/board-of-directors/board-meetings/board-papers/,"Strategy: dated board-pack PDFs listed directly on the landing page (28 found this run), one per meeting. Static fetch works. Prefer 'Public Board Pack' / 'Board Papers' / 'Agenda and Papers'; filter observer notes, Q&A and addendums. Pattern A.",False,Public Board Pack;Board Papers;Agenda and Papers,Observer notes;Q&A;ICP Board;Minutes only;Addendum;Part B;Confidential,2026-05-29,papers_found,"Validator (static) found dated_pdfs=28, year_archives=0, meeting_subpages=0."
RAJ,Mid and South Essex NHS Foundation Trust,Mid and South Essex,Acute and Acute & Community Trusts,East of England,Mid and South Essex,TBC,https://www.mse.nhs.uk/board-meetings/,"Strategy: landing lists year folders ('Board papers 2020', 'Board papers 2025', etc) but each year link is a share-my-box embedded folder at /board-meetings?smbfolder={NNN}. The share-my-box folder is JS-rendered — direct static fetch returns 0 PDFs. Requires Playwright with networkidle wait; year-tab interactive click reveals the month's PDFs. Found 1 in-window meeting (Feb 2026, 14.3MB pack) via interactive_dom strategy in the risk-tracker discoverer; gallery may show more on a longer wait.",True,Board of Directors meeting in public papers; agenda and papers; combined papers,Confidential; Part 2; Private; Minutes only,2026-05-29,needs_playwright,Year archives are share-my-box JS galleries. Playwright + year-tab click required; one Feb 2026 pack recovered (BAF score 236).
RC9,Bedfordshire Hospitals NHS Foundation Trust,Bedfordshire Hospitals;BHFT Bedford,Acute and Acute & Community Trusts,East of England,"Bedfordshire, Luton and Milton Keynes",TBC,https://www.bedfordshirehospitals.nhs.uk/corporate-information/board-meetings-and-directors/board-meetings/,"Pattern A: the landing page is a chronological list (most recent first) of Board of Directors public meetings, with each dated meeting linking to a single combined 'Meeting Book' PDF that bundles agenda plus all papers. Links are visible in static HTML and come in two equivalent forms: a direct WordPress upload at /wp-content/uploads/<yyyy>/<mm>/Meeting-Book-...-compressed.pdf, and a tidier document-landing slug /documents/meeting-book-board-of-directors-public-meeting-<d-month-yyyy>/ that itself resolves straight to the combined PDF. Filenames vary slightly (e.g. 'Meeting of the Board of Directors', 'Board of Directors in Public', '-compressed', '-V2', '-2' suffixes), so scrape the dated link rather than reconstructing the name. Future meetings appear without links until packs are published. No JS rendering needed.",False,/documents/meeting-book-board-of-directors-public-meeting-<d-month-yyyy>/;/wp-content/uploads/<yyyy>/<mm>/Meeting-Book-*.pdf,,2026-06-04,papers_found,Landing page links to single combined Meeting Book PDFs for all 2025 meetings and the Feb and May 2026 meetings; the Feb 2026 document slug resolved directly to a multi-page PDF.
RD8,Milton Keynes University Hospital NHS Foundation Trust,Milton Keynes University Hospital;MKUH,Acute and Acute & Community Trusts,East of England,"Bedfordshire, Luton and Milton Keynes",TBC,https://www.mkuh.nhs.uk/about-us/our-structure/board-of-directors/agendas-and-meetings,"Current URL is live and correct. 'Agendas and Meetings' page lists upcoming public board dates and, per meeting, a main 'Meeting in Public' compressed PDF plus an optional 'SUPPLEMENTARY SHELF' PDF, all under /wp-content/uploads/YYYY/MM/. A separate archive page (/about-us/our-structure/board-of-directors/trust-board-papers) holds older packs. Crawl landing page, harvest wp-content .pdf links matching 'Meeting-in-Public'. WebFetch works (no WAF). Original failure was transient.",False,wp-content/uploads/YYYY/MM/;Meeting-in-Public;compressed;0-Meeting-in-Public,SUPPLEMENTARY-SHELF;SUPPLEMENTARY,2026-06-27,papers_found,Latest pack '0-Meeting-in-Public 02.07.2026 compressed' plus prior May/March 2026 packs visible on the live page.
RQW,The Princess Alexandra Hospital NHS Trust,Princess Alexandra Hospital,Acute and Acute & Community Trusts,East of England,Hertfordshire and West Essex,TBC,https://www.pah.nhs.uk/about/board/board-papers/,,,,,,,
RWG,West Hertfordshire Teaching Hospitals NHS Trust,West Hertfordshire Teaching Hospitals;WHTH,Acute and Acute & Community Trusts,East of England,Hertfordshire and West Essex,TBC,https://www.westhertshospitals.nhs.uk/about-us/our-board/board-papers,"Pattern C/F: the previously stored landing (/our-board/board-meetings) only describes the meeting cycle and links onward to the 'Board papers' child page, which is the real archive. The board-papers page lists per-meeting entries by month/year (May 2026, Mar 2026, Jan 2026, Nov 2025, etc.), each pointing to a single combined board-papers pack served through an opaque CMS download endpoint of the form /download_file/{uuid}/368 (no .pdf extension, UUID not date-derivable). A crawler must read the dated link text on this page to map month->download URL; there is also a 'Previous board papers' folder link for earlier years.",False,/download_file/{uuid}/368;month + year link text maps to pack;single combined board-papers pack per meeting,"Previous board papers (archive folder, older years)",2026-06-04,papers_found,"The /board-papers child page lists dated combined packs for May 2026, March 2026 and January 2026 via /download_file/{uuid}/368 endpoints."
RWH,East and North Hertfordshire NHS Trust,East and North Hertfordshire;East North Hertfordshire;ENHT,Acute and Acute & Community Trusts,East of England,Hertfordshire and West Essex,TBC,https://www.enherts-tr.nhs.uk/about/board/board-meetings/,"Pattern A/F: the previously stored URL was a stale single-PDF resource page (Sept 2023 papers under /gp-professionals/publications/) with no archive navigation. The correct live landing is the 'Board papers & meetings' page under /about/board/board-meetings/, which lists dated public Trust Board packs with direct PDF links on the page. Each meeting is a single combined pack under /wp-content/uploads/YYYY/MM/, named like 'DDMmmYYYY-Public-Board-papers-x.pdf' or 'Public-Trust-Board-papers-DDMmmYY.pdf' (naming is inconsistent across months); extraordinary meetings appear inline. A crawler should take the dated PDF links straight from the landing.",False,"/wp-content/uploads/YYYY/MM/;Public-Board-papers;Public-Trust-Board-papers;date in filename (e.g. 13May2026, 14Jan2026)",Extraordinary-Public-Board (use only if it is the relevant meeting);/gp-professionals/publications/ single-doc resource pages,2026-06-04,papers_found,"Board-meetings landing lists dated combined public board packs for May 2026, March 2026 and January 2026 as direct PDFs."
RWR,Hertfordshire Partnership University NHS Foundation Trust,Hertfordshire Partnership University,"Mental Health & Learning Disability and Mental Health, Learning Disability & Community Trusts",East of England,Hertfordshire and West Essex,TBC,https://www.hpft.nhs.uk/about-us/corporate-information-and-governance/,Cloudflare blocks WebFetch (403 on every hpft.nhs.uk URL incl. PDFs) so Playwright is required. The often-cited /about-us/board-of-directors-meetings/ and /our-board-papers-and-publications/ paths are 404. The real archive is a JS FAQ accordion titled 'Board papers and publications' on this corporate-information-and-governance page: the panel is initially collapsed (no anchors in static DOM) — click the .faq-panel-question whose text is 'Board papers and publications' to reveal a list of dated 'meeting book' PDF links back to 2021. PDFs are hosted on-domain under /media/{slug}/...meeting-book-public-board-of-directors-*.pdf.,True,/media/{slug}/meeting-book-public-board-of-directors-{DDMMYY}.pdf;/media/{slug}/meeting-book-board-of-directors-public-*.pdf;public-board-pack-*.pdf,annual-report;auditors-annual-report;cog-meeting-book;council-of-governors;disclosure-log;equality-delivery-system,2026-06-27,papers_found,"Accordion reveals live 2026 meeting books for 21 May, 26 March and 22 January 2026 (plus full history to 2021)."
RY4,Hertfordshire Community NHS Trust,Hertfordshire Community;HCT,Community Trusts,East of England,Hertfordshire and West Essex,TBC,https://www.hct.nhs.uk/our-board/,"Strategy: landing lists per-meeting entries (97 dated meeting links this run); each links to its own sub-page of PDFs (agenda, papers, finance). Filter to the main Board (skip ICP/committee/joint). Prefer the largest 'Agenda and Papers' combined PDF. Static fetch works. Pattern C.",False,Agenda and Papers;Combined Pack;Public Board Pack,Observer notes;Q&A;ICP Board;Minutes only;Addendum;Part B;Confidential,2026-05-29,papers_found,"Validator (static) found dated_pdfs=13, year_archives=0, meeting_subpages=97."
RBL,Wirral University Teaching Hospital NHS Foundation Trust,Wirral University Teaching Hospital;WUTH;Arrowe Park,Acute and Acute & Community Trusts,North West,Cheshire and Merseyside,Zoe,https://www.wuth.nhs.uk/about-us/who-we-are/board-meetings/,,,,,,,
RBN,Mersey and West Lancashire Teaching Hospitals NHS Trust,Mersey and West Lancashire Teaching Hospitals,Acute and Acute & Community Trusts,North West,Cheshire and Merseyside,Zoe,https://www.merseywestlancs.nhs.uk/trust-board-meetings-and-papers,,,,,,,
RBQ,Liverpool Heart and Chest Hospital NHS Foundation Trust,Liverpool Heart and Chest Hospital;Liverpool Heart Chest Hospital;LHCH,Acute Specialist Trusts,North West,Cheshire and Merseyside,Zoe,https://www.lhch.nhs.uk/board-of-directors-meetings,"Single landing page at /board-of-directors-meetings titled 'Board of Directors Meetings' listing meetings by year (2015-2025) each with a per-meeting download link. Crawl this one page and collect all hrefs matching /resources/download/lhch-*; each is a combined agenda+papers bundle for one meeting (date in adjacent link text). Note: from 2026 onward the trust joined NHS University Hospitals of Liverpool Group and 2026 board meetings are hosted off-domain on the group website (external links), so this page may stop adding new dates — watch for migration.",False,/resources/download/lhch-<hex-id>;link text contains weekday + day + month + year e.g. 'Tuesday 23rd September 2025',mailto:;/resources/download/ items not labelled as board meeting papers;external group-website links (uhlg),2026-06-27,papers_found,Page lists 5 meetings for 2025 and 7 for 2024 each with a working agenda/papers download link on the trust's own domain; watch for 2026 migration to UHLG group site.
RBS,Alder Hey Children's NHS Foundation Trust,Alder Hey Children's;Alder Hey,Acute and Acute & Community Trusts,North West,Cheshire and Merseyside,Zoe,https://www.alderhey.nhs.uk/publications_type/board-papers/,WordPress publications archive filtered to the 'board-papers' type; titled 'Board papers Archives'. It is paginated (12 pages confirmed via /page/2/ .. /page/12/) and displays roughly one Trust Board meeting per page newest-first. Crawl the base URL then iterate /page/N/ to enumerate all meetings; each meeting links to a single combined agenda+documentation PDF under /wp-content/uploads/YYYY/MM/. Filenames vary ('Agenda-Documentation-Trust-Board' or 'Trust-Board-Meeting') so match on the wp-content/uploads path plus date in title rather than a fixed filename.,False,/wp-content/uploads/{YYYY}/{MM}/*Trust-Board*.pdf;title 'Trust Board Meeting - <day> <month> <year>';pagination /publications_type/board-papers/page/<N>/,"non-board publication types (quality reports, annual reports);mailto:",2026-06-27,papers_found,Latest meeting (5 Feb 2026) on page 1 and a 12-page back-catalogue of board PDFs confirmed on the trust's own domain.
RBT,Mid Cheshire Hospitals NHS Foundation Trust,Mid Cheshire Hospitals;MCHFT,Acute and Acute & Community Trusts,North West,Cheshire and Merseyside,Zoe,https://www.mcht.nhs.uk/about-us/board-directors/board-papers-and-minutes,"Static-fetchable landing showing a folder hierarchy, not direct PDFs: the 'Board Papers and Minutes' page lists year-folder links ('2026-27', '2025-26', '2024-25', 'Archive') each pointing to a sub-page via /navigate/{lib}/{id} (2025-26 = /navigate/9698/2001). Follow the relevant year folder to reach the dated full board bundles, which are direct PDF links titled 'Board of Directors Bundle Part I (Public) - {date}'. Pattern B. Positive signal: 'Bundle Part I (Public)' = full public board pack. Papers are posted four working days before each meeting. Exclude the separate Minutes folder/'Summary of Agenda Items' documents and any Part II (confidential) items.",False,Board of Directors Bundle Part I (Public) - {date};/navigate/9698/{id};20{25|26}-2{6|7} Board Papers and Minutes,Minutes;Summary of Agenda Items;Part II;confidential,2026-06-13,papers_found,"On the 2025-26 sub-page, confirmed e.g. 'Board of Directors Bundle Part I (Public) - 29 January 2026' and '27 November 2025'."
REM,Liverpool University Hospitals NHS Foundation Trust,Liverpool University Hospitals;LUHFT,Acute and Acute & Community Trusts,North West,Cheshire and Merseyside,Zoe,https://www.uhliverpool.nhs.uk/about-us/meet-our-board/trust-board-meetings,"Static WebFetch is blocked (HTTP 403 / WAF) AND the papers sit in a JS-rendered document-library widget, so use Playwright (navigate, wait for networkidle). The 'Group Board meetings' page (NHS University Hospitals of Liverpool Group) exposes year tabs (2024, 2025, 2026) that load content via AJAX at /trust-board-meetings/navigate/4487/{id} (2026 = /navigate/4487/21268). Navigate to the year tab URL, then collect /download_file/{id}/423 anchors titled 'UHLG Board of Directors Public Pack - {date}' (and the companion 'Public Information Pack'). Pattern D + year-tab. Exclude the 'Jargon Buster Guide', the Assurance and Risk Committee meetings, and legacy LUHFT/LWH archive tabs.",True,UHLG Board of Directors Public Pack - {date};UHLG Board of Directors Public Information Pack - {date};/navigate/4487/{id};/download_file/{id}/423,Jargon Buster Guide;Assurance and Risk Committee;archive,2026-06-13,papers_found,"Via Playwright on the 2026 tab, confirmed 'UHLG Board of Directors Public Pack - 15 January 2026' (/download_file/20288/423) and '14 May 2026' (/download_file/21451/423)."
REN,The Clatterbridge Cancer Centre NHS Foundation Trust,Clatterbridge Cancer Centre;CCC,Acute Specialist Trusts,North West,Cheshire and Merseyside,Zoe,https://www.clatterbridgecc.nhs.uk/about-us/how-were-run/trust-board/board-meetings,"Strategy: landing lists year archives (3 year links this run, e.g. 'Board papers 2025'). Follow each year link to dated PDF listings; main packs typically 5-30MB. Static fetch works. Pattern B.",False,Board Papers;Public Board Pack,Observer notes;Q&A;ICP Board;Minutes only;Addendum;Part B;Confidential,2026-05-29,papers_found,"Validator (static) found dated_pdfs=0, year_archives=3, meeting_subpages=0."
REP,Liverpool Women's NHS Foundation Trust,Liverpool Women's,Acute Specialist Trusts,North West,Cheshire and Merseyside,Zoe,https://www.uhliverpool.nhs.uk/about-us/meet-our-board/trust-board-meetings,"Pattern B/D/E/F: Liverpool Women's NHS Foundation Trust has merged into NHS University Hospitals of Liverpool Group and its entire liverpoolwomens.nhs.uk site now 301-redirects to a UHL Group hospital landing page with no papers, so the old URL is dead. The single Group Board now covers Liverpool Women's; its board-papers home is the Group Board meetings page on uhliverpool.nhs.uk. A crawler reaches dated packs via the 'Board papers' table of year folders: 2024, 2025 and a 2026 folder (https://www.uhliverpool.nhs.uk/about-us/meet-our-board/trust-board-meetings/navigate/4487/21268#document-library-4487), plus dedicated legacy folders 'Liverpool Women's University Hospital NHS Foundation Trust archive' (navigate/4487/17800) and 'Liverpool University Hospitals NHS Foundation Trust archive'. Recordings list confirms Group Board meetings through March 2026; future meetings (16 Jul 2026 etc.) are event pages. Quirk: site returns HTTP 403 to plain fetchers (anti-bot) so Playwright is required; year folders are JS document-library widgets, and a 'View past events' archive link gives prior meetings.",True,uhliverpool.nhs.uk/.../trust-board-meetings/navigate/4487/<id>#document-library-4487;year folders 2024/2025/2026;download_file/view/<id>/<id>;Group Board of Directors meeting <Month> <Year>,Council of Governors;Assurance and Risk Committee;Register of Interests;Self-Certification;Charity;about-us/events/details,2026-06-04,needs_playwright,"Group Board meetings page (Playwright-confirmed) shows a Board papers table with 2024/2025/2026 year folders and a Liverpool Women's archive folder, plus 2025-2026 meeting recordings."
RET,The Walton Centre NHS Foundation Trust,Walton Centre,Acute Specialist Trusts,North West,Cheshire and Merseyside,Zoe,https://www.thewaltoncentre.nhs.uk/trust-board/,,,,,,,
RJN,East Cheshire NHS Trust,East Cheshire;Macclesfield Hospital,Acute and Acute & Community Trusts,North West,Cheshire and Merseyside,Zoe,https://trust.eastcheshire.nhs.uk/board/reports-and-meetings/meetings,"Single page titled 'Meetings :: East Cheshire NHS Trust' listing Trust Board meetings by year (2019-2026), each row offering an 'Agenda and papers' link. Crawl this one page and collect the hrefs; PDFs live on the main domain www.eastcheshire.nhs.uk in two formats - /application/files/<ids>/<Name>_Numbered.pdf (preferred, named with month+year) and legacy /download_file/view/<id>/<id>. Each is a combined agenda+supporting-papers bundle for one public Trust Board meeting. Match newest by the year headings and the month name embedded in the application/files filename.",False,https://www.eastcheshire.nhs.uk/application/files/<id>/*Trust_Board*Agenda*Papers*Numbered.pdf;link text 'Agenda and papers';filename contains month + year e.g. 'November_2025',mailto:;committee/sub-board meetings if any (filter to Trust Board),2026-06-27,papers_found,"Two 2026 meetings (Mar 5, Jan 13) and full 2025 set each link to a working agenda+papers PDF on the trust's own eastcheshire.nhs.uk domain."
RJR,Countess of Chester Hospital NHS Foundation Trust,Countess of Chester Hospital;Countess of Chester;COCH,Acute and Acute & Community Trusts,North West,Cheshire and Merseyside,Zoe,https://www.coch.nhs.uk/corporate-information/board-of-directors/board-of-directors-meeting-packs.aspx,"Strategy: meeting packs page (/corporate-information/board-of-directors/board-of-directors-meeting-packs.aspx) lists ~54 dated PDFs under /media/, titled 'Agenda and Papers - <Month Year>', plus per-item Integrated Performance Reports. Older packs under .../meeting-packs/archive.aspx. Pattern A + F: old /about-us/board-papers/ was an error page; corrected 2026-05-29.",False,Agenda and Papers;Public Board of Directors,Council of Governors;Minutes only;Confidential,2026-05-29,papers_found,Old URL was an error page; corrected page shows 54 dated 'Agenda and Papers' PDFs (2023-2026).
RTX,University Hospitals of Morecambe Bay NHS Foundation Trust,University Hospitals of Morecambe Bay,Acute and Acute & Community Trusts,North West,Lancashire and South Cumbria,Zoe,https://www.uhmb.nhs.uk/our-trust/trust-board-and-council-governor-meetings,"Strategy: landing lists per-meeting entries (42 dated meeting links this run); each links to its own sub-page of PDFs (agenda, papers, finance). Filter to the main Board (skip ICP/committee/joint). Prefer the largest 'Agenda and Papers' combined PDF. Static fetch works. Pattern C.",False,Agenda and Papers;Combined Pack;Public Board Pack,Observer notes;Q&A;ICP Board;Minutes only;Addendum;Part B;Confidential,2026-05-29,papers_found,"Validator (static) found dated_pdfs=17, year_archives=1, meeting_subpages=42."
RW4,Mersey Care NHS Foundation Trust,Mersey Care,"Mental Health & Learning Disability and Mental Health, Learning Disability & Community Trusts",North West,Cheshire and Merseyside,Zoe,https://www.merseycare.nhs.uk/board-papers,,,,,,,
RW5,Lancashire and South Cumbria NHS Foundation Trust,Lancashire and South Cumbria;Lancashire South Cumbria Foundation Trust;LSCFT,"Mental Health & Learning Disability and Mental Health, Learning Disability & Community Trusts",North West,Lancashire and South Cumbria,Zoe,https://www.lscft.nhs.uk/about-us/board/board-papers,"Current URL is correct and live. The page renders server-side and lists 'Public Board of Directors Meeting Papers' by date for 2026 back to 2020, grouped by year. Each entry links via an opaque numeric download endpoint /download_file/{id}/{key} (not a descriptive filename), so map packs by the visible link text (which carries the DD.MM.YY date and 'Public' label) rather than the URL. Plain WebFetch works; no WAF/JS. Crawl the 2026 block for 'Public Board of Directors Meeting Papers - DD.MM.YY' and resolve each to its /download_file/ URL.",False,/download_file/{id}/{key} opaque download endpoint;link text: 'Public Board of Directors Meeting Papers - DD.MM.YY';link text: 'Board of Directors Public Meeting Pack - DD.MM.YY',years prior to current (2024/2023/2022/2021/2020 sections);'Back to Board of Directors' nav link,2026-06-27,papers_found,2026 monthly public board packs (Feb-Jun) present as live /download_file/ PDFs on lscft.nhs.uk.
RWW,Warrington and Halton Teaching Hospitals NHS Foundation Trust,Warrington and Halton Teaching Hospitals;Warrington Halton Teaching Hospitals;WHH,Acute and Acute & Community Trusts,North West,Cheshire and Merseyside,Zoe,https://whh.nhs.uk/about-us/how-we-work/board-meetings-and-papers/,,,,,,,
RXA,Cheshire and Wirral Partnership NHS Foundation Trust,Cheshire and Wirral Partnership;Cheshire Wirral Partnership;CWP,"Mental Health & Learning Disability and Mental Health, Learning Disability & Community Trusts",North West,Cheshire and Merseyside,Zoe,https://www.cwp.nhs.uk/board,"Cloudflare blocks WebFetch (403) so Playwright is needed. The original /board URL is correct — it is the 'Board summaries' index listing each meeting (e.g. 27 May 2026, 25 Mar 2026, 28 Jan 2026) as links to per-meeting HTML summary pages (some via short slugs like /mar26, /boardnov25). The /board landing page itself has NO PDFs; you must open each board-summary page, which contains a single 'Board agenda pack' link to the full PDF hosted on-domain at /application/files/{path}/PUBLIC_BoD_Agenda_Pack_Final_{DD_MM_YYYY}.pdf. Crawl /board, follow each summary link, scrape the agenda-pack PDF.",True,/application/files/{ids}/PUBLIC_BoD_Agenda_Pack_Final_{DD_MM_YYYY}.pdf;PUBLIC_BoD_Agenda_Pack;board-summary-{month}-{day}-{year},/our-governors;easyread;/events;publication-scheme,2026-06-27,papers_found,27 May 2026 board summary links to a live full agenda-pack PDF (PUBLIC_BoD_Agenda_Pack_Final_27_05_2026.pdf).
RXL,Blackpool Teaching Hospitals NHS Foundation Trust,Blackpool Teaching Hospitals;BTH;BFWH,Acute and Acute & Community Trusts,North West,Lancashire and South Cumbria,Zoe,https://www.blackpoolteachinghospitals.nhs.uk/about-us/meet-board/board-meetings-public,Static fetch returns empty (JS-rendered). This is a landing/hub page; browser crawler follows 'Agendas and Reports by Year' (/about-us/meet-board/board-meetings-public/previous-meetings-year) for dated agendas/reports and 'Calendar of Meetings' for the schedule. Dated packs live one level down. Needs Playwright.,True,Agendas and Reports;agenda;papers;reports,confidential;private;Part 2,2026-06-20,papers_partial,JS-rendered landing hub; dated packs sit one level down via 'Agendas and Reports by Year'. Needs Playwright.
RXN,Lancashire Teaching Hospitals NHS Foundation Trust,Lancashire Teaching Hospitals;LTH,Acute and Acute & Community Trusts,North West,Lancashire and South Cumbria,Zoe,https://www.lancsteachinghospitals.nhs.uk/board-of-directors,,,,,,,
RXR,East Lancashire Hospitals NHS Trust,East Lancashire Hospitals;ELHT,Acute and Acute & Community Trusts,North West,Lancashire and South Cumbria,Zoe,https://elht.nhs.uk/about-us/our-trust-board/board-meetings-including-agenda-and-papers,"Static fetch returns empty (JS-rendered). Browser crawler sees dated public board packs ('Trust Board (Public) Papers - May 2026', etc.) plus upcoming dates. PDFs may flag accessibility warnings but the pack links are present. Needs Playwright.",True,Trust Board (Public) Papers;Trust Board (Public Session) Papers;Agenda and Papers;Open Session Papers,Private Session;confidential;Part 2;Closed,2026-06-20,papers_found,JS-rendered; browser render shows dated public Trust Board packs (latest May 2026) plus the 2026-27 schedule. Needs Playwright.
RY2,Bridgewater Community Healthcare NHS Foundation Trust,Bridgewater Community Healthcare;Bridgewater,Community Trusts,North West,Cheshire and Merseyside,Zoe,https://bridgewater.nhs.uk/about-us/how-we-work/board-meetings-and-papers/,,,,,,,
RY7,Wirral Community Health and Care NHS Foundation Trust,Wirral Community Health and Care,Community Trusts,North West,Cheshire and Merseyside,Zoe,https://www.wchc.nhs.uk/about/board-governors/board-meetings-papers/,"Static-fetchable landing presenting dated board meetings as individual hyperlinks that each lead to a per-meeting sub-page (publication page) holding that meeting's PDFs, rather than direct PDFs on the landing. Meeting titles follow 'Public Board of Directors Meeting - {Weekday DD Month Year}' (the June 2026 group meeting is titled 'Group Board of Directors in Public'). Crawl the landing, follow each dated meeting link to its /about/publications/{slug}/ sub-page, then harvest the board-pack PDFs there. Pattern C. The landing is paginated (~15 pages) with month/year filter dropdowns, so for 2025/2026 take the first page(s) or filter by year. Exclude private/confidential items found on the sub-pages.",False,Public Board of Directors Meeting - {Weekday DD Month Year};Group Board of Directors in Public - {date};/about/publications/{slug}/,confidential;private session;minutes-only;pagination beyond target year,2026-06-13,papers_found,"Confirmed dated meeting links e.g. 'Public Board of Directors Meeting - Wednesday 28 January 2026' and 'Wednesday 1 October 2025', each resolving to its own publications sub-page of PDFs."
RX6,North East Ambulance Service NHS Foundation Trust,North East Ambulance Service;NEAS,Ambulance Trusts,North East and Yorkshire,-,Matt M,https://www.neas.nhs.uk/about-us/trust-board/board-meetings/archive-board-papers,"Pattern C: original /about-us/trust-board landing is a board-overview page with no papers; one click to /board-meetings (latest meeting), and the comprehensive archive lives at /about-us/trust-board/board-meetings/archive-board-papers, which lists per-meeting sub-pages by month+year (March/May/June/September/November 2025, January/March/May 2026). Each month sub-page (e.g. /archive-board-papers/march-2026-board-papers) holds that meeting's agenda and individual paper PDFs. Crawl: archive-board-papers index -> per-month board-papers sub-page -> the PDFs. Note inconsistent case in slugs (January-2026 vs march-2026). NEAS is the Trust's own Board; no ICP/Joint board to filter.",False,/archive-board-papers/;board-papers;download_file/view/,agm-papers;trust-board (bio overview),2026-06-04,papers_found,Archive page lists dated board-paper sub-pages through to March/May 2026.
RX7,North West Ambulance Service NHS Trust,North West Ambulance Service;NWAS,Ambulance Trusts,North West,-,Nick,https://www.nwas.nhs.uk/about/directors/board-meetings/,"Pattern F + C: old /publications/board-papers-26-april-2023/ URL is now 404; the site reorganised board content under /about/directors/board-meetings/. That landing lists each meeting by date (30 Apr 2025 through 29 Apr 2026) as a clickable link. Newer meetings link straight to a single combined PDF in /wp-content/uploads/YYYY/MM/ (e.g. BoD-Meeting-Pack-29.04.2026.pdf, BoD-Part-1-Agenda-Pack-25.03.26.pdf), while slightly older ones link to a /publications/board-of-directors-papers-DD-month-YYYY/ sub-page that then holds the PDFs. So crawl: board-meetings landing -> either direct wp-content PDF or per-meeting publications sub-page. Prefer the largest combined 'Meeting Pack / Agenda Pack' (Part 1 = public).",False,/wp-content/uploads/;BoD-Meeting-Pack;BoD-Part-1-Agenda-Pack;/publications/board-of-directors-papers-,Part-2;private;board-papers-26-april-2023 (dead),2026-06-04,papers_found,New board-meetings page lists dated meetings with direct PDF packs up to 29 April 2026.
RX8,Yorkshire Ambulance Service NHS Trust,Yorkshire Ambulance Service;YAS,Ambulance Trusts,North East and Yorkshire,-,Henry,https://www.yas.nhs.uk/publications/trust-board-meetings/,"Pattern C (per-meeting sub-pages). The old landing /about-us/the-trust-board/ only lists meeting dates and links onward to /publications/trust-board-meetings/, which is the real archive. That archive lists each public Board meeting by date with year-archive groupings (e.g. board-meeting-papers-2025-26/ and board-meeting-papers-2026-27/) and links to a per-meeting sub-page such as .../board-meeting-26-march-2026/. Each per-meeting sub-page hosts the full set of individual agenda-item PDFs under /media/<id>/<name>.pdf (agenda, minutes, CEO report, IPR, committee assurance reports, etc.). A crawler should follow year-archive -> per-meeting sub-page -> /media/ PDFs; papers are split per item rather than one combined pack.",False,/publications/trust-board-meetings/board-meeting-papers-2025-26/;/publications/trust-board-meetings/board-meeting-papers-2026-27/;/board-meeting-<dd>-<month>-<yyyy>/;/media/<id>/<name>.pdf,/committees/;/council-of-governors/;/agm,2026-06-04,papers_found,Per-meeting sub-pages (e.g. 26 March 2026) host the full set of dated agenda-item PDFs under /media/.
RX9,East Midlands Ambulance Service NHS Trust,East Midlands Ambulance Service;EMAS,Ambulance Trusts,Midlands,-,Annabelle,https://www.emas.nhs.uk/about-us/trust-board/next-board-meeting/archive-board-papers,,,,,,,
RYA,West Midlands Ambulance Service University NHS Foundation Trust,West Midlands Ambulance Service University;WMAS,Ambulance Trusts,Midlands,-,Caitlin,https://www.wmas.nhs.uk/about-us/board-papers/,"Pattern C: the landing page lists per-meeting publication sub-pages under /publications/, with SEPARATE Agenda and Minutes entries per dated meeting (e.g. 'WMAS Board Meeting Agenda - Wednesday 25th March 2026' and a matching Minutes page). All listings are in static HTML, no JS needed. Quirk: the agenda sub-page renders the agenda as HTML text listing numbered 'Paper 01..nn' items but does NOT publish downloadable PDFs of those papers - it instructs readers to email to request the full board papers. So a crawler can capture the agenda/minutes text but full board-pack PDFs are generally not available for download; prefer the Agenda sub-page for each dated meeting and skip Minutes-only pages when packs are wanted.",False,/publications/wmas-board-meeting-agenda-<weekday>-<dd>th-<month>-<year>/;/publications/wmas-board-meeting-minutes-<weekday>-<dd>th-<month>-<year>/,wmas-board-meeting-minutes-,2026-06-04,papers_partial,"Dated 2025 and 2026 agenda and minutes sub-pages are listed and reachable, but agenda pages show paper titles only and direct readers to email for the actual board-pack PDFs."
RYC,East of England Ambulance Service NHS Trust,East of England Ambulance Service;EEAST,Ambulance Trusts,East of England,-,James,https://www.eastamb.nhs.uk/about-us/trust-board/in-public-board-minutes-archive,"The old URL (.../public-board-meetings-and-papers) is only a 'next meeting' stub that says papers are 'available on request' by email, with no dated documents. The real index is the In Public Board minutes archive, which lists each meeting (2025: Feb, May, Jul, Sep, Nov; 2026: Feb, Apr, Jun) as a per-meeting page like /about-us/trust-board/public-board-reports-<month>-<year>. CRITICAL MODEL DIFFERENCE: EEAST does NOT publish PDF packs, each per-meeting page lists every individual report (CEO report, IPR, BAF, committee assurance...) as its own HTML web page (e.g. /public-board-report-CEO-report-february-2026). So there is nothing to download; a crawler must scrape HTML at three levels: archive -> per-meeting page -> per-report page. Use the latest /public-board-reports-<month>-<year> page as the per-meeting entry point and treat its child report pages as the 'papers'. Needs render to enumerate child links reliably.",True,www.eastamb.nhs.uk/about-us/trust-board/public-board-reports-<month>-<year>;www.eastamb.nhs.uk/about-us/trust-board/public-board-report-CEO-report-<month>-<year>;www.eastamb.nhs.uk/about-us/trust-board/integrated-performance-report-<Month>-<year>,/executive-directors;/non-exec-directors;/declarations-of-interest;annual-general-meeting;agm-minutes;/patient-story,2026-06-06,papers_found,Dated 2025-2026 board reports are published as individual HTML report pages (no PDFs) reachable via the minutes-archive index.
RYD,South East Coast Ambulance Service NHS Foundation Trust,South East Coast Ambulance Service;SECAmb,Ambulance Trusts,South East,-,Alison,https://www.secamb.nhs.uk/what-we-do/about-us/trust-board-meeting-dates-and-papers/,"Pattern A/F (wrong-url fixed; dated combined-pack PDFs near the landing). The old stored URL /about-us/board-papers/ redirected to a single stale 2018 document; the live archive is /what-we-do/about-us/trust-board-meeting-dates-and-papers/. That page lists each public Board meeting by date and links directly to combined pack PDFs hosted under /wp-content/uploads/<yyyy>/<mm>/, typically a 'Board-Papers-<date>' (full pack) plus a separate 'Board-Agenda-<date>'. A crawler should grab the largest 'Board-Papers' / 'Trust-Board ... Part-1-Public' PDF per meeting. The archive paginates (~138 publications across ~14 pages). Skip Council of Governors and committee pages.",False,/wp-content/uploads/<yyyy>/<mm>/Board-Papers-<date>.pdf;/wp-content/uploads/<yyyy>/<mm>/Trust-Board-<month>-<year>-Part-1-Public.pdf;Board-Public-Papers,/council-of-governors/;/committees-of-the-board/;board-meeting-recordings;/board-stories/;Agenda,2026-06-04,papers_found,Live archive links directly to dated combined board pack PDFs in /wp-content/uploads/ for Feb 2025 through Apr 2026.
RYE,South Central Ambulance Service NHS Foundation Trust,South Central Ambulance Service;SCAS,Ambulance Trusts,South East,-,Mimi,https://www.scas.nhs.uk/about-scas/our-board/board-meetings/,"The /about-scas/our-board/board-meetings/ landing page lists the meeting schedule and a 'Board paper archive' table, but the archive table and paper links are rendered by JavaScript and invisible to plain HTTP fetch (only the meeting dates and a contact email show). To get actual papers, crawl the dedicated WordPress document-category archive at /document-category/board-papers/ and the per-meeting announcement pages (e.g. /board-meeting-in-public-3-september-2026/), which link to bundle PDFs; both are also JS-driven so use Playwright or harvest direct PDF URLs from Google site:scas.nhs.uk. Final PDFs are flat files under /wp-content/uploads/YYYY/MM/ named SCAS...Board-papers_DDMMYYYY.pdf, so a path/date probe works without rendering. Papers publish shortly before each meeting.",True,/wp-content/uploads/YYYY/MM/SCAS...Board-papers_DDMMYYYY.pdf;/wp-content/uploads/ filename containing 'Board-papers';per-meeting pages at /board-meeting-in-public-{date}/;document-category/board-papers/ archive listing,/about-scas/our-board/scas-board-members/;/registers-of-interests/;/council-of-governors/;/news/,2026-06-27,papers_found,Confirmed a valid 7.5MB public board papers bundle PDF (2 April 2026) downloads from the /wp-content/uploads/ path containing 2025-2026 BAF documents.
RYF,South Western Ambulance Service NHS Foundation Trust,South Western Ambulance Service;SWASFT,Ambulance Trusts,South West,-,Joe,https://www.swast.nhs.uk/board-meeting-schedule-and-public-papers/,"Pattern A (and F: wrong URL fixed) — the validator-flagged URL https://www.swast.nhs.uk/our-board/board-meeting-schedule-and-public-papers returns HTTP 200 but renders no papers (it is the About-us submenu shell), and the /welcome/our-board/ variant 404s; the correct LIVE page is the flat https://www.swast.nhs.uk/board-meeting-schedule-and-public-papers/ on the org's own domain. That landing page lists dated 'Board in Public' agenda-pack PDFs directly (1 May 2025, 3 Jul 2025, 11 Sep 2025, 6 Nov 2025, 8 Jan 2026, 5 Mar 2026, 7 May 2026) plus a forward schedule of upcoming dates whose packs are uploaded ~1 week before each meeting. Quirk: the /download/ PDF hrefs only resolve WITH their query string (?ver=NNNN&doc=docm…pdf); the bare slug (…pdf.pdf) 404s, so packers must keep the full href including the ?ver=&doc= params. PDFs are large (>10MB).",False,/board-meeting-schedule-and-public-papers/;/download/agenda-pack-board-of-directors-in-public-{date}pdf.pdf?ver=&doc=docm;/download/agenda-pack-board-in-public-{date}pdf.pdf?ver=&doc=docm;Board in Public Pack {month} {year},/our-board/board-meeting-schedule-and-public-papers;/welcome/our-board/;/news/;/publication-scheme/,2026-06-04,papers_found,"Flat landing page lists 2025-26 dated Board-in-Public agenda packs and a 7 May 2026 pack PDF downloaded successfully (exceeded 10MB fetch limit, confirming a real large PDF)."
G6V2S,North London NHS Foundation Trust,North London FT;North London Mental Health Foundation Trust,"Mental Health & Learning Disability and Mental Health, Learning Disability & Community Trusts",London,North Central London,Matt Discombe,https://www.northlondonmentalhealth.nhs.uk/meetings-and-papers/,,,,,,,
K0N6A,The Online NHS Trust,,Online / Digital,National,,Ella,,,,,,,,
